"Município";"Ate 30 dias";"2 meses";"3 meses";"4 meses";"5 meses";"6 meses";"7 meses";"6 a 8 meses";"Menor de 1 ano";"1 ano";"2 anos";"3 anos";"4 anos";"5 anos";"6 anos";"7 anos";"8 anos";"9 anos";"10 anos";"11 anos";"12 anos";"13 anos";"14 anos";"15 anos";"16 anos";"17 anos";"18 anos";"19 anos";"1 a 4 anos";"2 a 4 anos";"5 a 6 anos";"5 a 8 anos";"5 a 9 anos";"5 a 10 anos";"7 a 9 anos";"7 a 11 anos";"7 a 14 anos";"7 anos e mais";"9 a 12 anos";"10 a 11 anos";"10 a 14 anos";"11 a 14 anos";"7 a 8 anos";"13 a 14 anos";"13 a 19 anos";"15 a 16 anos";"15 a 19 anos";"15 a 59 anos";"17 a 19 anos";"20 a 24 anos";"20 a 59 anos";"20 a 26 anos";"27 e mais";"25 a 29 anos";"30 a 34 anos";"30 a 39 anos";"35 a 39 anos";"40 a 44 anos";"40 a 49 anos";"45 a 49 anos";"50 a 59 anos";"60 a 64 anos";"60 anos e mais";"65 a 69 anos";"65 anos e mais";"70 a 74 anos";"75 a 79 anos";"Gestantes 10 a 11 anos";"Gestantes 12 a 14 anos";"Gestantes 15 a 49 anos";"Não gestantes 15 a 49 anos";"9 a 19 anos";" Total"
"220005 ACAUA";"53";"61";"14";"55";"22";"6";"7";"0";"1006";"860";"25";"18";"334";"0";"0";"0";"0";"75";"19";"232";"112";"22";"9";"1";"0";"0";"1";"0";"2";"53";"2";"12";"137";"0";"0";"7";"0";"0";"1";"0";"67";"0";"0";"1";"1";"0";"6";"119";"7";"78";"0";"0";"0";"117";"69";"62";"84";"92";"0";"124";"115";"9";"13";"6";"142";"7";"4";"0";"2";"224";"640";"9";"5144"
"220010 AGRICOLANDIA";"4";"60";"5";"45";"17";"3";"0";"0";"710";"462";"28";"4";"339";"1";"0";"0";"0";"50";"37";"97";"43";"18";"14";"2";"0";"0";"0";"0";"0";"0";"7";"6";"26";"0";"0";"17";"0";"0";"0";"0";"0";"0";"0";"17";"0";"15";"8";"8";"33";"40";"0";"0";"0";"63";"8";"11";"7";"6";"0";"5";"11";"0";"4";"0";"31";"0";"0";"0";"0";"100";"150";"0";"2512"
"220020 AGUA BRANCA";"195";"220";"41";"166";"70";"24";"13";"1";"3211";"2370";"197";"65";"632";"11";"0";"0";"0";"97";"45";"171";"148";"98";"56";"6";"2";"0";"0";"0";"0";"2";"18";"36";"21";"0";"0";"34";"0";"1";"6";"0";"33";"2";"0";"25";"4";"41";"100";"134";"55";"185";"29";"0";"3";"196";"70";"75";"56";"49";"0";"37";"90";"2";"55";"0";"110";"1";"0";"0";"10";"524";"780";"2";"10625"
"220025 ALAGOINHA DO PIAUI";"18";"90";"15";"93";"4";"7";"1";"0";"1152";"677";"9";"2";"302";"0";"0";"0";"0";"56";"10";"150";"74";"18";"11";"2";"0";"0";"0";"0";"0";"0";"0";"1";"80";"0";"0";"5";"0";"1";"0";"0";"8";"0";"0";"3";"0";"8";"2";"24";"13";"36";"5";"0";"0";"41";"13";"10";"10";"7";"0";"3";"8";"0";"15";"0";"53";"0";"0";"0";"0";"146";"161";"0";"3344"
"220027 ALEGRETE DO PIAUI";"18";"49";"2";"42";"15";"3";"3";"1";"691";"447";"2";"8";"277";"0";"1";"0";"0";"113";"43";"90";"54";"6";"3";"2";"0";"0";"0";"0";"0";"0";"5";"2";"138";"0";"0";"1";"0";"0";"1";"0";"26";"0";"0";"8";"0";"15";"16";"176";"13";"81";"7";"2";"1";"101";"3";"37";"10";"2";"0";"2";"31";"0";"7";"0";"21";"0";"0";"0";"0";"100";"274";"0";"2950"
"220030 ALTO LONGA";"16";"99";"25";"93";"26";"19";"4";"2";"1625";"1095";"82";"30";"470";"1";"1";"0";"0";"80";"44";"189";"159";"35";"37";"4";"0";"0";"0";"0";"0";"1";"14";"2";"27";"0";"0";"70";"0";"1";"0";"0";"28";"0";"0";"77";"0";"81";"48";"33";"97";"190";"0";"1";"1";"208";"159";"12";"164";"144";"0";"94";"24";"0";"9";"0";"88";"0";"0";"0";"4";"292";"352";"6";"6363"
"220040 ALTOS";"130";"480";"55";"311";"136";"62";"17";"1";"5864";"4999";"507";"143";"1924";"4";"0";"0";"0";"323";"298";"422";"248";"113";"25";"0";"0";"0";"0";"0";"0";"13";"37";"25";"170";"0";"0";"45";"0";"0";"0";"0";"23";"0";"0";"11";"0";"16";"92";"71";"11";"218";"2";"0";"1";"250";"86";"114";"82";"50";"0";"48";"31";"2";"20";"1";"72";"0";"0";"0";"10";"848";"803";"47";"19261"
"220045 ALVORADA DO GURGUEIA";"0";"14";"1";"23";"4";"3";"0";"0";"247";"286";"2";"0";"119";"0";"0";"0";"0";"21";"6";"29";"16";"11";"2";"0";"0";"0";"0";"0";"0";"11";"0";"4";"2";"0";"0";"8";"0";"0";"0";"0";"0";"3";"0";"14";"0";"26";"14";"2";"19";"14";"0";"0";"0";"9";"0";"11";"0";"0";"0";"0";"3";"6";"0";"4";"6";"6";"0";"0";"0";"66";"52";"6";"1070"
"220050 AMARANTE";"139";"167";"41";"162";"76";"18";"6";"6";"3018";"1963";"150";"82";"728";"4";"0";"0";"0";"101";"96";"148";"184";"81";"22";"8";"0";"0";"0";"0";"0";"24";"30";"7";"93";"2";"0";"153";"0";"1";"1";"0";"44";"8";"0";"92";"1";"100";"150";"145";"100";"273";"8";"1";"4";"252";"76";"41";"59";"58";"0";"50";"343";"1";"30";"0";"208";"0";"0";"0";"10";"434";"592";"16";"10607"
"220060 ANGICAL DO PIAUI";"13";"80";"7";"83";"13";"3";"4";"2";"1050";"700";"47";"16";"350";"0";"0";"0";"0";"53";"21";"128";"83";"46";"24";"4";"0";"0";"0";"0";"0";"8";"8";"1";"7";"0";"0";"22";"0";"0";"0";"0";"0";"0";"0";"44";"0";"52";"38";"78";"84";"79";"5";"0";"0";"81";"30";"13";"39";"28";"0";"35";"58";"6";"8";"3";"191";"4";"5";"0";"0";"240";"261";"4";"4159"
"220070 ANISIO DE ABREU";"13";"120";"13";"90";"22";"8";"4";"0";"1432";"938";"100";"26";"349";"0";"0";"0";"0";"63";"34";"120";"108";"38";"25";"3";"0";"0";"0";"0";"0";"0";"4";"1";"11";"0";"0";"7";"0";"0";"0";"0";"1";"0";"0";"0";"0";"13";"16";"8";"5";"26";"4";"0";"0";"46";"2";"23";"2";"1";"0";"3";"22";"13";"0";"12";"5";"18";"11";"0";"10";"312";"180";"0";"4262"
"220080 ANTONIO ALMEIDA";"1";"23";"3";"24";"14";"2";"1";"0";"375";"407";"7";"0";"181";"0";"0";"0";"0";"17";"7";"36";"18";"2";"1";"1";"0";"0";"0";"0";"0";"0";"1";"0";"0";"0";"0";"5";"0";"0";"0";"0";"0";"0";"0";"5";"0";"5";"14";"12";"11";"9";"0";"0";"0";"18";"0";"3";"2";"1";"0";"0";"2";"0";"0";"0";"6";"0";"0";"0";"2";"120";"54";"0";"1390"
"220090 AROAZES";"17";"79";"4";"64";"6";"0";"0";"0";"875";"525";"4";"1";"492";"0";"0";"0";"0";"50";"21";"248";"95";"19";"26";"8";"0";"0";"0";"0";"0";"0";"1";"3";"61";"0";"0";"5";"0";"0";"2";"0";"185";"1";"0";"14";"0";"36";"56";"129";"44";"92";"5";"0";"0";"154";"23";"32";"18";"18";"0";"4";"38";"0";"3";"0";"24";"0";"0";"0";"6";"172";"479";"0";"4139"
"220095 AROEIRAS DO ITAIM";"4";"16";"3";"19";"4";"5";"0";"0";"316";"194";"8";"0";"45";"1";"0";"0";"0";"10";"18";"18";"26";"6";"9";"5";"0";"0";"0";"0";"0";"0";"1";"0";"35";"0";"0";"0";"0";"0";"0";"0";"4";"0";"0";"4";"0";"6";"0";"9";"11";"19";"1";"0";"0";"27";"16";"0";"3";"5";"0";"8";"1";"0";"1";"0";"6";"0";"0";"0";"0";"0";"76";"0";"940"
"220100 ARRAIAL";"2";"32";"4";"33";"3";"2";"1";"0";"443";"373";"5";"4";"117";"1";"0";"0";"0";"26";"8";"21";"6";"8";"13";"6";"0";"1";"1";"0";"0";"0";"2";"0";"3";"0";"0";"5";"0";"0";"0";"0";"2";"0";"0";"2";"0";"3";"0";"7";"1";"24";"0";"0";"0";"6";"11";"0";"15";"12";"0";"10";"4";"0";"1";"0";"12";"0";"0";"0";"2";"62";"212";"0";"1506"
"220105 ASSUNCAO DO PIAUI";"46";"105";"11";"96";"19";"11";"5";"0";"1391";"775";"39";"10";"415";"2";"0";"0";"0";"71";"40";"222";"123";"54";"29";"5";"0";"1";"0";"0";"0";"0";"10";"1";"29";"2";"0";"16";"0";"1";"4";"0";"3";"4";"0";"23";"0";"42";"58";"13";"45";"34";"2";"1";"0";"29";"1";"6";"2";"4";"0";"0";"2";"0";"10";"0";"15";"0";"0";"0";"2";"246";"189";"0";"4264"
"220110 AVELINO LOPES";"125";"190";"16";"168";"32";"11";"1";"0";"2502";"1718";"47";"3";"630";"0";"0";"0";"0";"103";"48";"230";"186";"33";"17";"7";"0";"0";"0";"0";"0";"0";"5";"3";"94";"0";"0";"8";"0";"0";"0";"0";"7";"0";"0";"12";"1";"12";"12";"44";"11";"25";"3";"0";"0";"68";"22";"14";"38";"23";"0";"13";"36";"0";"17";"0";"132";"0";"0";"0";"8";"328";"285";"0";"7288"
"220115 BAIXA GRANDE DO RIBEIRO";"139";"232";"66";"171";"99";"30";"12";"9";"3680";"1917";"67";"26";"474";"2";"0";"0";"0";"79";"78";"108";"106";"50";"43";"12";"0";"0";"0";"0";"0";"1";"6";"3";"9";"0";"0";"16";"0";"0";"0";"0";"3";"2";"0";"20";"0";"31";"86";"77";"36";"127";"0";"0";"0";"117";"28";"6";"27";"10";"0";"10";"17";"0";"0";"0";"27";"0";"0";"0";"14";"604";"455";"0";"9132"
"220117 BARRA D\'ALCANTARA";"12";"49";"3";"43";"12";"1";"0";"0";"647";"311";"3";"1";"296";"0";"0";"0";"0";"57";"8";"122";"83";"21";"1";"1";"0";"0";"0";"0";"0";"0";"0";"2";"97";"0";"0";"1";"0";"0";"0";"0";"157";"0";"0";"3";"0";"2";"8";"6";"9";"20";"4";"0";"0";"30";"10";"1";"2";"4";"0";"2";"2";"0";"0";"0";"24";"0";"0";"0";"0";"76";"115";"0";"2246"
"220120 BARRAS";"278";"566";"85";"430";"157";"48";"28";"3";"7997";"5560";"359";"78";"2797";"24";"2";"0";"0";"548";"334";"1240";"813";"182";"77";"19";"1";"3";"0";"0";"0";"4";"102";"20";"621";"0";"0";"143";"0";"6";"1";"0";"434";"4";"0";"90";"1";"179";"238";"969";"220";"715";"7";"3";"6";"870";"422";"193";"377";"273";"4";"189";"255";"1";"45";"1";"308";"4";"6";"0";"14";"1300";"2148";"17";"31819"
"220130 BARREIRAS DO PIAUI";"0";"10";"4";"9";"4";"1";"1";"1";"178";"124";"23";"5";"66";"0";"0";"0";"0";"16";"8";"35";"33";"12";"2";"0";"0";"0";"0";"0";"0";"25";"0";"0";"21";"0";"0";"3";"0";"0";"0";"0";"23";"0";"0";"3";"0";"7";"8";"4";"9";"13";"0";"0";"0";"14";"5";"7";"4";"6";"0";"6";"18";"2";"3";"2";"5";"5";"3";"0";"0";"30";"38";"3";"799"
"220140 BARRO DURO";"23";"75";"7";"56";"29";"8";"4";"2";"1083";"930";"34";"26";"343";"2";"0";"0";"0";"73";"36";"202";"74";"34";"9";"7";"4";"0";"0";"0";"1";"1";"12";"10";"156";"1";"0";"3";"0";"0";"0";"0";"1";"1";"0";"0";"0";"1";"30";"46";"8";"117";"7";"1";"1";"101";"46";"19";"54";"51";"0";"38";"31";"1";"11";"0";"52";"0";"0";"0";"2";"104";"346";"0";"4314"
"220150 BATALHA";"36";"225";"39";"174";"64";"23";"5";"1";"2876";"1985";"142";"17";"675";"2";"0";"0";"0";"186";"66";"333";"253";"54";"29";"7";"3";"0";"1";"3";"0";"52";"14";"28";"216";"0";"0";"34";"0";"0";"0";"0";"30";"3";"0";"6";"0";"25";"30";"112";"26";"82";"0";"3";"3";"114";"30";"82";"31";"17";"0";"18";"137";"54";"27";"46";"122";"42";"30";"0";"0";"358";"622";"32";"9625"
"220155 BELA VISTA DO PIAUI";"10";"50";"13";"39";"11";"15";"3";"0";"700";"395";"4";"0";"194";"1";"0";"0";"0";"27";"12";"93";"43";"0";"2";"0";"0";"0";"0";"0";"0";"0";"0";"0";"5";"0";"0";"0";"0";"0";"0";"0";"0";"0";"0";"0";"0";"1";"6";"3";"14";"27";"2";"0";"0";"15";"3";"0";"3";"10";"0";"6";"13";"0";"5";"0";"32";"0";"0";"0";"2";"118";"130";"0";"2007"
"220157 BELEM DO PIAUI";"10";"38";"0";"30";"7";"2";"1";"0";"419";"247";"12";"3";"191";"0";"0";"0";"0";"23";"11";"81";"65";"11";"8";"0";"1";"1";"0";"0";"0";"9";"0";"3";"5";"0";"0";"19";"0";"0";"0";"0";"0";"0";"0";"27";"0";"40";"12";"5";"52";"47";"0";"0";"0";"58";"17";"3";"34";"23";"0";"20";"7";"0";"0";"0";"5";"0";"0";"0";"0";"62";"68";"3";"1680"
"220160 BENEDITINOS";"2";"86";"11";"97";"16";"6";"0";"0";"1408";"913";"27";"8";"547";"2";"0";"0";"0";"67";"39";"229";"143";"52";"19";"4";"0";"0";"1";"0";"0";"1";"3";"4";"48";"0";"0";"17";"0";"0";"0";"0";"23";"1";"0";"28";"0";"30";"18";"14";"32";"233";"0";"1";"1";"280";"294";"20";"310";"266";"0";"223";"54";"2";"13";"0";"118";"0";"2";"0";"6";"342";"240";"2";"6303"
"220170 BERTOLINIA";"40";"70";"5";"67";"13";"1";"0";"0";"978";"658";"11";"5";"232";"0";"0";"0";"0";"44";"24";"110";"53";"38";"11";"4";"0";"0";"0";"0";"0";"32";"0";"13";"1";"0";"0";"4";"0";"0";"0";"0";"0";"0";"0";"3";"0";"17";"18";"18";"29";"40";"2";"0";"1";"46";"17";"35";"11";"8";"0";"4";"59";"33";"12";"17";"55";"12";"5";"0";"4";"126";"193";"13";"3192"
"220173 BETANIA DO PIAUI";"46";"74";"17";"66";"13";"9";"2";"0";"1154";"908";"63";"13";"289";"0";"0";"0";"0";"51";"16";"152";"46";"20";"1";"1";"0";"0";"0";"0";"0";"202";"1";"3";"55";"0";"0";"5";"0";"0";"0";"0";"9";"1";"0";"6";"0";"19";"26";"14";"36";"217";"2";"0";"0";"176";"307";"31";"312";"255";"0";"142";"73";"3";"3";"2";"37";"3";"3";"0";"6";"204";"274";"6";"5374"
"220177 BOA HORA";"27";"85";"9";"67";"9";"3";"0";"4";"1150";"859";"3";"10";"340";"0";"1";"0";"0";"45";"19";"135";"53";"14";"10";"2";"1";"0";"0";"0";"1";"0";"2";"3";"5";"0";"0";"14";"0";"0";"1";"0";"1";"0";"0";"8";"0";"35";"6";"13";"8";"24";"2";"1";"1";"42";"3";"9";"4";"1";"0";"1";"5";"0";"11";"0";"16";"0";"0";"0";"2";"126";"148";"0";"3339"
"220180 BOCAINA";"0";"22";"3";"24";"8";"1";"1";"0";"348";"277";"7";"2";"139";"0";"0";"0";"0";"16";"10";"61";"43";"4";"3";"0";"0";"0";"0";"0";"0";"0";"0";"0";"3";"0";"0";"0";"0";"0";"0";"0";"0";"0";"0";"0";"0";"1";"2";"3";"3";"13";"0";"0";"0";"6";"12";"0";"21";"17";"0";"21";"0";"0";"2";"0";"19";"0";"0";"0";"0";"82";"62";"0";"1236"
"220190 BOM JESUS";"578";"415";"41";"378";"62";"25";"8";"0";"5855";"3885";"57";"24";"1630";"3";"0";"0";"0";"257";"113";"660";"355";"116";"55";"7";"1";"0";"3";"0";"5";"32";"12";"15";"662";"1";"0";"32";"0";"1";"7";"0";"539";"3";"0";"18";"7";"38";"92";"133";"36";"233";"32";"3";"2";"260";"57";"91";"39";"27";"0";"22";"56";"7";"73";"3";"124";"1";"1";"0";"10";"914";"666";"9";"18791"
"220191 BOM PRINCIPIO DO PIAUI";"4";"63";"10";"44";"14";"11";"2";"0";"1010";"602";"18";"8";"354";"1";"0";"0";"0";"57";"21";"147";"77";"15";"6";"4";"0";"0";"0";"0";"0";"11";"1";"1";"93";"1";"0";"8";"0";"0";"0";"0";"38";"0";"0";"2";"1";"3";"8";"147";"9";"62";"6";"0";"0";"83";"40";"26";"43";"34";"0";"38";"48";"5";"14";"6";"72";"8";"4";"0";"2";"124";"389";"2";"3797"
"220192 BONFIM DO PIAUI";"13";"65";"4";"44";"24";"9";"3";"0";"828";"502";"10";"5";"249";"0";"0";"0";"0";"54";"27";"87";"53";"28";"6";"3";"1";"0";"0";"0";"0";"0";"11";"0";"11";"0";"0";"19";"0";"0";"0";"0";"0";"0";"0";"17";"0";"26";"14";"4";"7";"27";"0";"0";"0";"47";"14";"0";"21";"12";"0";"8";"1";"1";"0";"2";"18";"0";"1";"0";"0";"204";"157";"0";"2637"
"220194 BOQUEIRAO DO PIAUI";"11";"88";"6";"73";"16";"1";"1";"0";"1010";"541";"8";"1";"358";"1";"0";"0";"0";"56";"22";"173";"118";"23";"11";"3";"1";"1";"0";"0";"0";"0";"7";"2";"33";"0";"0";"3";"0";"0";"0";"0";"2";"0";"0";"1";"0";"9";"18";"86";"6";"42";"2";"3";"3";"73";"24";"36";"22";"12";"0";"10";"24";"0";"10";"0";"31";"0";"0";"0";"0";"102";"324";"0";"3408"
"220196 BRASILEIRA";"4";"52";"8";"55";"21";"4";"1";"0";"841";"752";"28";"5";"434";"0";"0";"0";"0";"62";"21";"144";"101";"36";"17";"7";"0";"0";"0";"0";"0";"51";"3";"1";"62";"0";"0";"5";"0";"0";"1";"0";"11";"0";"0";"1";"0";"9";"26";"137";"14";"64";"1";"0";"0";"46";"61";"36";"81";"64";"0";"47";"112";"40";"21";"16";"138";"18";"13";"0";"0";"160";"359";"0";"4191"
"220198 BREJO DO PIAUI";"1";"15";"2";"13";"10";"2";"1";"0";"333";"327";"16";"7";"203";"1";"0";"0";"0";"15";"14";"56";"38";"21";"8";"1";"1";"0";"1";"0";"0";"0";"4";"0";"19";"0";"0";"12";"0";"0";"2";"0";"4";"0";"0";"15";"0";"29";"6";"4";"27";"4";"1";"0";"0";"6";"3";"0";"4";"4";"0";"4";"2";"0";"3";"0";"3";"0";"0";"0";"0";"10";"26";"0";"1278"
"220200 BURITI DOS LOPES";"31";"142";"46";"119";"67";"25";"8";"1";"2548";"1743";"205";"39";"644";"9";"1";"0";"0";"114";"80";"292";"238";"69";"33";"9";"0";"0";"3";"3";"0";"0";"20";"17";"159";"0";"0";"38";"0";"5";"1";"0";"33";"3";"0";"66";"1";"31";"54";"191";"74";"157";"0";"2";"1";"124";"14";"47";"18";"12";"0";"7";"57";"2";"14";"9";"33";"5";"4";"0";"16";"388";"517";"0";"8589"
"220202 BURITI DOS MONTES";"10";"33";"7";"26";"13";"2";"2";"0";"500";"306";"16";"5";"149";"1";"0";"0";"0";"28";"6";"15";"14";"7";"4";"0";"0";"0";"0";"0";"0";"8";"2";"7";"3";"0";"0";"0";"0";"1";"1";"0";"1";"0";"0";"3";"0";"6";"4";"4";"7";"31";"0";"0";"0";"27";"9";"11";"13";"12";"0";"7";"16";"1";"1";"0";"4";"0";"0";"0";"2";"98";"49";"17";"1489"
"220205 CABECEIRAS DO PIAUI";"7";"75";"14";"58";"25";"18";"3";"1";"1199";"761";"70";"24";"368";"2";"0";"0";"0";"52";"24";"93";"57";"14";"9";"1";"0";"0";"0";"0";"0";"41";"5";"17";"158";"0";"0";"2";"0";"0";"1";"0";"69";"0";"0";"0";"0";"1";"4";"17";"1";"19";"0";"1";"0";"47";"4";"88";"3";"0";"0";"3";"65";"12";"10";"13";"34";"2";"6";"0";"0";"282";"207";"116";"4103"
"220207 CAJAZEIRAS DO PIAUI";"6";"18";"2";"14";"11";"6";"0";"0";"283";"312";"3";"2";"136";"0";"0";"0";"0";"25";"3";"29";"11";"7";"1";"0";"0";"0";"0";"0";"0";"11";"0";"3";"2";"0";"0";"0";"0";"0";"0";"0";"6";"0";"0";"5";"0";"19";"4";"23";"13";"69";"0";"0";"0";"38";"31";"10";"47";"48";"0";"11";"40";"3";"3";"3";"11";"4";"0";"0";"6";"46";"65";"1";"1391"
"220208 CAJUEIRO DA PRAIA";"31";"38";"9";"32";"10";"15";"8";"1";"890";"657";"70";"11";"289";"3";"0";"0";"0";"58";"48";"100";"105";"23";"18";"4";"1";"0";"0";"0";"0";"0";"5";"2";"25";"0";"0";"6";"0";"0";"0";"0";"8";"1";"0";"6";"0";"7";"22";"56";"13";"35";"0";"0";"0";"31";"8";"8";"6";"6";"0";"1";"9";"0";"1";"0";"17";"0";"0";"0";"10";"80";"114";"0";"2898"
"220209 CALDEIRAO GRANDE DO PIAUI";"18";"73";"5";"76";"6";"2";"0";"1";"916";"592";"4";"0";"301";"0";"0";"0";"0";"64";"39";"194";"155";"51";"10";"3";"0";"0";"0";"0";"2";"0";"2";"2";"43";"0";"0";"6";"0";"0";"0";"0";"2";"1";"0";"7";"2";"21";"0";"10";"10";"10";"10";"0";"0";"18";"0";"4";"4";"0";"0";"3";"9";"0";"14";"0";"38";"0";"0";"0";"4";"166";"192";"0";"3090"
"220210 CAMPINAS DO PIAUI";"8";"48";"5";"34";"12";"5";"1";"1";"578";"290";"25";"7";"113";"0";"0";"0";"0";"17";"12";"65";"38";"16";"5";"0";"0";"1";"0";"0";"0";"0";"3";"1";"12";"0";"0";"5";"0";"0";"0";"0";"7";"2";"0";"6";"0";"4";"8";"11";"4";"12";"2";"0";"1";"16";"12";"0";"6";"2";"0";"3";"10";"0";"2";"0";"13";"0";"0";"0";"2";"116";"74";"0";"1615"
"220211 CAMPO ALEGRE DO FIDALGO";"44";"52";"10";"39";"15";"11";"4";"0";"837";"535";"24";"5";"222";"0";"0";"0";"0";"37";"12";"109";"71";"13";"3";"0";"0";"0";"0";"0";"0";"0";"0";"0";"2";"0";"0";"2";"0";"0";"0";"0";"0";"0";"0";"6";"0";"14";"6";"15";"23";"33";"3";"0";"0";"47";"15";"2";"7";"6";"0";"5";"5";"0";"1";"0";"12";"0";"0";"0";"0";"142";"121";"0";"2510"
"220213 CAMPO GRANDE DO PIAUI";"3";"22";"8";"35";"11";"2";"1";"0";"480";"348";"10";"4";"127";"0";"0";"0";"0";"17";"8";"25";"23";"5";"5";"0";"0";"0";"0";"0";"0";"0";"0";"0";"10";"0";"0";"6";"0";"0";"0";"0";"2";"0";"0";"6";"0";"8";"4";"12";"28";"38";"9";"0";"0";"56";"10";"0";"5";"3";"0";"1";"1";"0";"1";"0";"10";"0";"0";"0";"4";"84";"69";"0";"1501"
"220217 CAMPO LARGO DO PIAUI";"23";"88";"14";"55";"33";"16";"5";"0";"1259";"842";"26";"5";"573";"1";"0";"0";"0";"128";"34";"272";"120";"41";"18";"19";"0";"0";"0";"0";"0";"0";"4";"2";"196";"1";"0";"19";"0";"0";"0";"0";"29";"0";"0";"21";"0";"64";"74";"130";"100";"104";"0";"0";"0";"117";"32";"3";"36";"34";"0";"36";"67";"0";"4";"0";"43";"0";"0";"0";"2";"120";"467";"0";"5277"
"220220 CAMPO MAIOR";"992";"453";"47";"430";"58";"20";"8";"0";"6914";"4803";"129";"30";"1800";"0";"0";"0";"0";"175";"134";"618";"362";"120";"62";"5";"1";"0";"0";"1";"0";"1";"14";"25";"341";"1";"0";"20";"0";"1";"0";"0";"353";"3";"0";"13";"3";"10";"50";"198";"18";"117";"4";"0";"0";"206";"48";"63";"48";"27";"0";"22";"59";"0";"73";"0";"469";"0";"0";"0";"6";"828";"1168";"39";"21390"
"220225 CANAVIEIRA";"6";"14";"1";"15";"5";"6";"1";"0";"386";"389";"19";"3";"104";"0";"0";"0";"0";"32";"14";"71";"66";"14";"2";"3";"0";"0";"0";"0";"0";"16";"0";"4";"40";"0";"0";"16";"0";"0";"0";"0";"4";"0";"0";"14";"0";"29";"16";"6";"33";"21";"1";"0";"0";"15";"14";"17";"7";"12";"0";"10";"67";"9";"3";"9";"14";"3";"2";"0";"4";"106";"80";"9";"1732"
"220230 CANTO DO BURITI";"107";"39";"6";"28";"6";"3";"0";"0";"574";"239";"13";"1";"21";"0";"0";"0";"0";"3";"3";"4";"1";"0";"0";"0";"0";"0";"0";"0";"0";"0";"0";"0";"1";"0";"0";"0";"0";"0";"0";"0";"1";"0";"0";"0";"0";"0";"2";"1";"0";"4";"0";"0";"0";"13";"1";"0";"0";"0";"0";"0";"0";"0";"0";"0";"1";"0";"0";"0";"0";"2";"4";"0";"1078"
"220240 CAPITAO DE CAMPOS";"44";"106";"15";"91";"32";"11";"1";"0";"1648";"1124";"41";"23";"611";"2";"0";"0";"0";"83";"38";"201";"105";"42";"13";"12";"0";"1";"0";"0";"3";"1";"10";"4";"8";"0";"0";"3";"0";"2";"5";"0";"2";"0";"0";"5";"1";"7";"24";"54";"8";"36";"19";"0";"4";"59";"13";"12";"10";"7";"0";"4";"20";"0";"15";"0";"43";"0";"0";"0";"2";"268";"290";"1";"5184"
"220245 CAPITAO GERVASIO OLIVEIRA";"22";"59";"7";"35";"13";"3";"2";"0";"641";"394";"16";"7";"239";"0";"0";"0";"0";"38";"14";"105";"67";"24";"9";"0";"0";"0";"0";"0";"0";"0";"0";"2";"0";"0";"0";"9";"0";"0";"0";"0";"0";"0";"0";"10";"0";"10";"4";"57";"3";"29";"6";"0";"0";"33";"12";"10";"8";"22";"0";"11";"23";"0";"15";"0";"53";"0";"0";"0";"0";"104";"186";"0";"2302"
"220250 CARACOL";"55";"104";"40";"113";"43";"18";"1";"0";"2056";"1299";"34";"5";"563";"0";"0";"0";"0";"69";"24";"186";"58";"35";"30";"9";"0";"0";"0";"0";"0";"0";"1";"1";"16";"0";"0";"6";"0";"0";"0";"0";"19";"0";"0";"6";"0";"16";"12";"42";"10";"94";"1";"0";"0";"170";"33";"8";"20";"18";"0";"16";"50";"0";"8";"0";"75";"0";"0";"0";"6";"286";"255";"1";"5912"
"220253 CARAUBAS DO PIAUI";"4";"79";"9";"73";"18";"7";"0";"0";"1133";"764";"6";"1";"459";"0";"0";"0";"0";"61";"29";"198";"120";"20";"16";"4";"0";"0";"0";"0";"0";"0";"3";"2";"101";"0";"0";"5";"0";"0";"2";"0";"2";"0";"0";"4";"2";"8";"22";"46";"10";"61";"6";"0";"0";"108";"14";"19";"8";"6";"0";"3";"28";"0";"12";"0";"72";"0";"0";"0";"2";"140";"393";"0";"4080"
"220255 CARIDADE DO PIAUI";"38";"60";"5";"56";"16";"3";"0";"1";"883";"528";"23";"3";"281";"2";"0";"0";"0";"31";"27";"107";"71";"39";"17";"3";"0";"0";"0";"0";"0";"1";"2";"0";"182";"0";"0";"3";"0";"0";"0";"0";"125";"0";"0";"6";"0";"12";"16";"19";"10";"20";"1";"0";"0";"42";"3";"3";"3";"7";"0";"6";"3";"0";"4";"0";"9";"0";"0";"0";"2";"80";"203";"1";"2957"
"220260 CASTELO DO PIAUI";"7";"225";"50";"236";"54";"18";"7";"4";"3463";"2786";"55";"38";"1066";"0";"0";"0";"0";"142";"72";"488";"315";"94";"49";"11";"0";"0";"0";"0";"0";"3";"3";"0";"66";"0";"0";"51";"0";"0";"0";"0";"27";"1";"0";"61";"0";"97";"116";"53";"164";"213";"0";"0";"2";"227";"46";"6";"24";"18";"0";"14";"25";"1";"5";"0";"40";"0";"0";"0";"12";"810";"412";"2";"11679"
"220265 CAXINGO";"1";"58";"13";"60";"27";"9";"2";"0";"1014";"728";"7";"9";"428";"0";"0";"0";"0";"49";"21";"80";"27";"14";"3";"3";"0";"0";"0";"0";"1";"45";"0";"1";"30";"0";"0";"3";"0";"0";"0";"0";"1";"0";"0";"4";"1";"4";"16";"128";"12";"84";"0";"0";"0";"156";"42";"14";"36";"28";"0";"17";"50";"10";"0";"14";"12";"9";"9";"0";"6";"228";"266";"14";"3794"
"220270 COCAL";"22";"303";"37";"232";"90";"30";"14";"5";"4006";"2950";"83";"40";"1279";"12";"2";"0";"1";"253";"90";"579";"366";"110";"46";"7";"0";"0";"0";"3";"0";"6";"28";"15";"437";"2";"1";"70";"0";"1";"0";"0";"395";"7";"0";"44";"0";"66";"138";"589";"58";"190";"2";"2";"5";"284";"114";"143";"123";"82";"0";"52";"106";"1";"40";"0";"149";"0";"0";"0";"10";"614";"1265";"12";"15611"
"220271 COCAL DE TELHA";"7";"45";"10";"34";"11";"4";"3";"0";"599";"453";"23";"1";"279";"0";"0";"0";"0";"43";"16";"84";"67";"13";"7";"0";"0";"0";"0";"0";"0";"0";"3";"0";"12";"0";"0";"13";"0";"0";"0";"0";"5";"0";"0";"9";"1";"24";"4";"23";"15";"14";"1";"0";"0";"27";"15";"3";"18";"9";"0";"3";"8";"0";"2";"0";"29";"0";"0";"0";"2";"78";"128";"0";"2145"
"220272 COCAL DOS ALVES";"10";"73";"14";"53";"35";"19";"20";"0";"1124";"1004";"28";"12";"287";"1";"0";"0";"0";"45";"20";"85";"94";"32";"12";"0";"0";"0";"0";"0";"0";"0";"2";"3";"13";"0";"0";"11";"0";"0";"1";"0";"0";"0";"0";"21";"2";"23";"8";"6";"21";"69";"8";"0";"0";"83";"6";"6";"5";"0";"0";"3";"7";"0";"9";"0";"29";"0";"0";"0";"0";"148";"174";"0";"3626"
"220273 COIVARAS";"13";"55";"6";"53";"6";"5";"1";"1";"822";"491";"3";"2";"247";"0";"0";"0";"0";"25";"9";"109";"94";"10";"6";"0";"0";"0";"0";"0";"0";"3";"1";"1";"17";"0";"0";"0";"0";"0";"0";"0";"5";"0";"0";"3";"0";"10";"4";"20";"5";"19";"0";"0";"0";"25";"9";"0";"15";"13";"0";"9";"3";"2";"32";"2";"22";"2";"2";"0";"0";"60";"110";"1";"2353"
"220275 COLONIA DO GURGUEIA";"12";"63";"2";"51";"17";"10";"2";"0";"870";"595";"31";"9";"320";"0";"0";"0";"0";"45";"20";"75";"61";"20";"5";"5";"0";"0";"0";"0";"1";"0";"4";"0";"9";"0";"0";"24";"0";"0";"0";"0";"1";"3";"0";"6";"0";"7";"24";"14";"12";"71";"5";"1";"2";"93";"9";"8";"1";"8";"0";"1";"16";"0";"3";"0";"14";"0";"0";"0";"0";"196";"150";"0";"2896"
"220277 COLONIA DO PIAUI";"7";"84";"2";"55";"12";"1";"1";"0";"868";"661";"14";"0";"249";"0";"0";"0";"0";"47";"18";"107";"37";"22";"16";"0";"0";"0";"0";"0";"0";"0";"1";"2";"26";"0";"0";"1";"1";"0";"0";"0";"0";"0";"0";"6";"0";"2";"20";"11";"6";"24";"6";"0";"0";"37";"6";"7";"10";"9";"0";"3";"5";"0";"4";"0";"16";"0";"0";"0";"4";"190";"108";"0";"2706"
"220280 CONCEICAO DO CANINDE";"6";"36";"5";"27";"11";"4";"0";"1";"580";"380";"18";"3";"178";"0";"0";"0";"0";"27";"20";"78";"69";"10";"6";"0";"0";"0";"0";"0";"0";"0";"2";"0";"11";"0";"0";"28";"0";"0";"0";"0";"4";"0";"0";"33";"0";"32";"20";"84";"45";"54";"0";"0";"0";"56";"22";"2";"26";"28";"0";"21";"9";"0";"0";"0";"25";"0";"0";"0";"2";"108";"122";"0";"2193"
"220285 CORONEL JOSE DIAS";"1";"30";"4";"27";"6";"1";"2";"0";"389";"233";"5";"3";"135";"1";"0";"0";"0";"13";"17";"40";"38";"18";"15";"4";"0";"0";"0";"0";"0";"9";"2";"1";"5";"0";"0";"9";"0";"0";"0";"0";"0";"0";"0";"17";"0";"19";"6";"0";"18";"21";"1";"0";"0";"23";"4";"2";"5";"5";"0";"4";"3";"0";"0";"2";"6";"0";"0";"0";"2";"58";"15";"2";"1221"
"220290 CORRENTE";"750";"259";"56";"200";"65";"24";"9";"2";"4375";"2310";"49";"19";"728";"4";"0";"0";"0";"112";"47";"180";"130";"18";"30";"5";"3";"1";"2";"0";"0";"0";"17";"7";"145";"0";"0";"51";"0";"3";"0";"0";"95";"1";"0";"39";"0";"88";"166";"767";"69";"243";"0";"5";"7";"263";"33";"98";"40";"35";"0";"18";"54";"0";"19";"0";"79";"0";"0";"0";"6";"432";"1135";"3";"13296"
"220300 CRISTALANDIA DO PIAUI";"0";"20";"1";"24";"5";"5";"2";"0";"311";"174";"0";"0";"76";"0";"0";"0";"0";"15";"1";"28";"22";"3";"2";"0";"0";"0";"0";"0";"0";"0";"1";"0";"3";"0";"0";"9";"0";"0";"0";"0";"3";"0";"0";"3";"0";"23";"2";"0";"9";"6";"0";"0";"0";"4";"0";"1";"0";"0";"0";"0";"0";"0";"0";"0";"0";"0";"0";"0";"0";"36";"35";"0";"824"
"220310 CRISTINO CASTRO";"59";"225";"31";"162";"59";"14";"3";"1";"2822";"1812";"17";"3";"768";"0";"0";"0";"0";"165";"71";"392";"216";"65";"12";"4";"0";"0";"0";"0";"0";"56";"1";"7";"28";"0";"0";"1";"2";"0";"1";"0";"3";"0";"0";"6";"0";"12";"38";"28";"26";"81";"4";"0";"0";"146";"16";"46";"31";"11";"0";"7";"50";"30";"3";"12";"46";"11";"3";"0";"0";"464";"210";"53";"8334"
"220320 CURIMATA";"153";"168";"20";"164";"27";"8";"2";"1";"2230";"1611";"47";"26";"562";"0";"0";"0";"0";"115";"44";"273";"207";"44";"22";"6";"0";"0";"2";"0";"0";"0";"2";"0";"103";"0";"0";"20";"0";"0";"0";"0";"21";"0";"0";"13";"0";"22";"42";"59";"24";"136";"0";"0";"0";"128";"139";"9";"134";"121";"0";"70";"29";"0";"5";"0";"58";"0";"0";"0";"8";"328";"278";"1";"7482"
"220323 CURRAIS";"1";"46";"3";"40";"9";"3";"9";"0";"630";"525";"22";"4";"221";"0";"0";"0";"0";"39";"19";"71";"40";"15";"8";"1";"1";"0";"0";"0";"0";"2";"0";"2";"115";"0";"0";"2";"0";"0";"1";"0";"142";"0";"0";"0";"0";"7";"4";"12";"1";"11";"0";"0";"0";"20";"2";"5";"1";"0";"0";"0";"13";"0";"1";"0";"13";"0";"0";"0";"0";"74";"89";"0";"2224"
"220325 CURRALINHOS";"1";"51";"4";"43";"18";"6";"4";"0";"746";"544";"14";"18";"241";"0";"0";"0";"0";"48";"24";"142";"69";"30";"18";"1";"0";"0";"0";"0";"1";"0";"1";"0";"1";"0";"0";"9";"0";"0";"0";"0";"2";"1";"0";"12";"1";"27";"54";"74";"48";"138";"2";"0";"0";"135";"102";"8";"114";"84";"0";"66";"3";"0";"9";"0";"43";"0";"0";"0";"4";"206";"250";"0";"3417"
"220327 CURRAL NOVO DO PIAUI";"47";"62";"0";"57";"7";"2";"0";"0";"899";"642";"30";"8";"313";"0";"0";"0";"0";"62";"32";"165";"86";"25";"16";"4";"0";"0";"0";"0";"0";"2";"2";"3";"143";"1";"0";"4";"0";"0";"0";"0";"168";"0";"0";"4";"0";"5";"12";"90";"10";"32";"1";"0";"1";"27";"9";"6";"4";"4";"0";"2";"9";"0";"1";"0";"43";"0";"0";"0";"4";"202";"245";"0";"3491"
"220330 DEMERVAL LOBAO";"32";"114";"18";"143";"37";"12";"4";"0";"1927";"1736";"44";"11";"706";"0";"0";"0";"0";"111";"42";"259";"186";"45";"23";"4";"0";"0";"0";"0";"1";"0";"7";"3";"17";"0";"0";"26";"0";"1";"1";"0";"4";"0";"0";"54";"1";"87";"50";"86";"52";"189";"11";"1";"1";"259";"108";"24";"115";"78";"0";"117";"18";"0";"4";"0";"42";"0";"0";"0";"2";"398";"399";"0";"7610"
"220335 DIRCEU ARCOVERDE";"7";"48";"11";"34";"14";"9";"5";"0";"757";"432";"24";"16";"141";"2";"0";"0";"0";"21";"17";"30";"32";"12";"6";"2";"2";"0";"0";"0";"0";"4";"8";"5";"20";"0";"1";"4";"0";"1";"0";"0";"1";"0";"0";"8";"0";"11";"2";"3";"9";"10";"2";"0";"0";"17";"3";"2";"5";"1";"0";"1";"4";"0";"2";"0";"8";"0";"0";"0";"0";"44";"33";"1";"1832"
"220340 DOM EXPEDITO LOPES";"9";"65";"11";"43";"25";"3";"6";"0";"888";"685";"16";"11";"330";"3";"1";"0";"0";"53";"32";"131";"84";"17";"7";"5";"2";"2";"2";"1";"3";"0";"6";"6";"86";"0";"0";"4";"0";"0";"0";"0";"2";"0";"0";"4";"2";"9";"20";"48";"16";"72";"7";"0";"0";"127";"11";"95";"14";"13";"0";"12";"82";"0";"52";"0";"54";"0";"0";"0";"0";"90";"550";"0";"3817"
"220342 DOMINGOS MOURAO";"29";"52";"4";"35";"9";"2";"1";"0";"594";"488";"11";"5";"222";"2";"0";"0";"0";"48";"19";"87";"57";"14";"8";"2";"0";"0";"0";"0";"0";"0";"2";"2";"50";"0";"0";"5";"0";"0";"0";"0";"20";"0";"0";"5";"1";"2";"0";"31";"0";"20";"0";"0";"0";"22";"6";"9";"4";"0";"0";"1";"7";"0";"8";"0";"13";"0";"0";"0";"0";"60";"114";"0";"2071"
"220345 DOM INOCENCIO";"27";"76";"6";"53";"28";"4";"7";"1";"1184";"879";"7";"2";"358";"0";"0";"0";"0";"61";"32";"186";"76";"16";"17";"0";"0";"0";"0";"0";"0";"29";"1";"4";"58";"0";"0";"0";"0";"0";"0";"0";"42";"0";"0";"0";"0";"5";"2";"45";"5";"31";"0";"0";"0";"61";"20";"22";"13";"11";"0";"3";"50";"28";"5";"21";"90";"13";"16";"0";"8";"154";"357";"16";"4130"
"220350 ELESBAO VELOSO";"39";"132";"17";"105";"32";"10";"3";"0";"1935";"1191";"25";"12";"648";"0";"0";"0";"0";"89";"64";"332";"208";"61";"28";"1";"0";"0";"0";"0";"0";"0";"7";"0";"278";"0";"0";"29";"0";"0";"0";"0";"217";"0";"0";"49";"0";"60";"22";"33";"49";"94";"0";"1";"1";"83";"22";"0";"13";"3";"0";"2";"6";"0";"1";"0";"87";"0";"0";"0";"2";"392";"328";"0";"6711"
"220360 ELISEU MARTINS";"9";"31";"19";"28";"28";"12";"5";"1";"642";"502";"42";"10";"180";"0";"0";"0";"0";"43";"14";"101";"81";"46";"18";"4";"0";"0";"0";"0";"0";"0";"2";"0";"16";"0";"0";"2";"0";"0";"0";"0";"3";"0";"0";"5";"0";"5";"6";"20";"8";"63";"0";"0";"0";"88";"70";"4";"105";"105";"0";"57";"8";"0";"3";"0";"21";"0";"0";"0";"0";"174";"147";"0";"2728"
"220370 ESPERANTINA";"981";"334";"62";"304";"87";"37";"14";"6";"5958";"4315";"248";"63";"2152";"11";"2";"0";"0";"277";"173";"794";"508";"123";"52";"16";"0";"1";"0";"0";"0";"29";"15";"11";"239";"0";"0";"22";"0";"0";"0";"0";"55";"2";"0";"17";"0";"17";"84";"464";"24";"253";"3";"0";"2";"452";"280";"147";"238";"227";"0";"157";"205";"65";"48";"76";"199";"31";"36";"0";"6";"908";"1301";"37";"22168"
"220375 FARTURA DO PIAUI";"3";"23";"8";"33";"16";"15";"8";"0";"628";"648";"31";"7";"182";"0";"0";"0";"0";"37";"16";"83";"45";"14";"13";"4";"0";"0";"0";"0";"0";"0";"1";"0";"0";"0";"0";"5";"0";"1";"0";"0";"2";"0";"0";"7";"0";"5";"4";"6";"8";"9";"0";"0";"0";"24";"11";"3";"8";"8";"0";"1";"7";"0";"1";"0";"14";"0";"0";"0";"6";"102";"112";"0";"2159"
"220380 FLORES DO PIAUI";"16";"40";"8";"32";"13";"4";"1";"0";"597";"564";"9";"0";"268";"1";"0";"0";"0";"57";"27";"135";"66";"14";"8";"5";"0";"0";"0";"0";"0";"0";"0";"0";"12";"0";"0";"14";"0";"0";"1";"0";"7";"0";"0";"22";"0";"14";"28";"469";"52";"143";"0";"0";"0";"198";"56";"21";"66";"60";"0";"57";"39";"0";"0";"0";"43";"0";"0";"0";"4";"116";"449";"0";"3736"
"220385 FLORESTA DO PIAUI";"4";"24";"0";"19";"5";"0";"0";"0";"291";"177";"1";"0";"83";"0";"0";"0";"0";"18";"9";"37";"39";"33";"19";"0";"0";"0";"0";"0";"0";"0";"0";"0";"1";"0";"0";"3";"0";"0";"0";"0";"0";"0";"0";"4";"0";"10";"0";"1";"15";"4";"1";"0";"0";"10";"6";"0";"2";"8";"0";"4";"0";"0";"6";"0";"43";"0";"0";"0";"0";"42";"68";"0";"987"
"220390 FLORIANO";"2745";"617";"78";"487";"145";"31";"9";"5";"10439";"5607";"257";"113";"2882";"9";"1";"0";"0";"390";"247";"862";"665";"211";"84";"16";"7";"3";"2";"0";"0";"38";"62";"27";"501";"7";"0";"134";"0";"3";"1";"0";"266";"8";"0";"75";"2";"115";"318";"415";"141";"453";"2";"11";"6";"525";"136";"112";"132";"97";"0";"79";"149";"28";"46";"22";"372";"15";"16";"0";"6";"1674";"1971";"14";"33891"
"220400 FRANCINOPOLIS";"5";"29";"1";"28";"12";"2";"1";"1";"492";"383";"26";"2";"124";"0";"0";"0";"0";"16";"7";"41";"37";"5";"0";"0";"0";"0";"0";"0";"0";"0";"0";"0";"1";"0";"0";"1";"0";"1";"0";"0";"0";"0";"0";"15";"0";"17";"6";"5";"17";"34";"0";"0";"0";"38";"10";"1";"10";"3";"0";"3";"2";"0";"4";"0";"26";"0";"0";"0";"6";"76";"51";"0";"1539"
"220410 FRANCISCO AYRES";"0";"44";"11";"48";"11";"7";"1";"2";"647";"548";"16";"2";"222";"0";"0";"0";"0";"24";"24";"62";"52";"26";"17";"2";"0";"0";"0";"0";"0";"1";"0";"0";"37";"0";"0";"13";"0";"0";"0";"0";"41";"0";"0";"4";"0";"17";"20";"11";"8";"53";"0";"0";"0";"44";"12";"4";"16";"8";"0";"3";"8";"0";"1";"0";"50";"0";"0";"0";"4";"124";"101";"0";"2346"
"220415 FRANCISCO MACEDO";"2";"19";"3";"15";"3";"1";"0";"0";"236";"165";"14";"0";"122";"0";"0";"0";"0";"9";"12";"22";"29";"24";"20";"1";"0";"0";"0";"0";"0";"0";"4";"3";"101";"0";"0";"20";"0";"0";"0";"0";"90";"0";"0";"20";"0";"41";"8";"9";"34";"25";"0";"1";"0";"15";"7";"6";"9";"2";"0";"2";"2";"0";"0";"0";"3";"0";"0";"0";"0";"44";"35";"0";"1178"
"220420 FRANCISCO SANTOS";"27";"76";"6";"64";"12";"0";"1";"0";"895";"629";"27";"11";"290";"0";"0";"0";"0";"25";"19";"134";"98";"10";"4";"0";"0";"0";"0";"0";"1";"0";"11";"0";"3";"0";"0";"38";"0";"0";"1";"0";"0";"0";"0";"49";"0";"76";"16";"16";"78";"73";"0";"0";"0";"84";"4";"1";"3";"2";"0";"0";"3";"1";"3";"1";"56";"1";"1";"0";"6";"212";"158";"1";"3227"
"220430 FRONTEIRAS";"47";"88";"10";"67";"22";"9";"0";"2";"1161";"724";"15";"2";"277";"0";"0";"0";"0";"37";"14";"129";"68";"23";"5";"2";"0";"0";"0";"0";"0";"0";"0";"0";"26";"0";"0";"9";"0";"0";"0";"0";"3";"0";"0";"9";"0";"15";"14";"34";"27";"90";"0";"1";"0";"100";"57";"0";"44";"37";"0";"20";"5";"0";"0";"0";"31";"0";"0";"0";"0";"294";"166";"0";"3684"
"220435 GEMINIANO";"4";"86";"8";"93";"17";"3";"1";"0";"1095";"593";"31";"8";"254";"1";"0";"0";"0";"46";"21";"69";"25";"11";"4";"0";"0";"0";"0";"0";"0";"3";"3";"1";"58";"0";"0";"5";"0";"0";"0";"0";"9";"1";"0";"1";"0";"8";"16";"83";"10";"98";"0";"1";"1";"76";"19";"36";"18";"22";"0";"16";"34";"9";"5";"8";"43";"9";"5";"0";"2";"140";"370";"19";"3499"
"220440 GILBUES";"78";"79";"32";"60";"35";"16";"5";"2";"1732";"1092";"49";"6";"352";"0";"0";"0";"0";"42";"20";"130";"75";"25";"8";"7";"0";"0";"0";"0";"0";"0";"3";"10";"14";"0";"0";"12";"0";"2";"1";"0";"64";"60";"0";"16";"0";"12";"106";"141";"12";"147";"8";"0";"0";"139";"22";"36";"24";"13";"0";"15";"37";"3";"18";"2";"79";"0";"0";"0";"6";"166";"300";"0";"5313"
"220450 GUADALUPE";"16";"104";"17";"82";"35";"20";"5";"0";"1471";"1201";"58";"5";"417";"0";"0";"0";"0";"61";"32";"145";"114";"38";"23";"1";"0";"0";"0";"0";"0";"4";"4";"3";"12";"0";"0";"38";"0";"0";"1";"0";"3";"1";"0";"47";"0";"69";"46";"43";"70";"60";"1";"0";"0";"80";"21";"11";"9";"7";"0";"0";"19";"1";"4";"0";"18";"0";"0";"0";"8";"324";"186";"6";"4941"
"220455 GUARIBAS";"28";"74";"10";"43";"30";"24";"18";"1";"1184";"868";"9";"7";"519";"4";"0";"0";"0";"33";"20";"107";"28";"7";"9";"0";"0";"0";"0";"2";"0";"143";"3";"60";"61";"0";"0";"5";"2";"0";"0";"0";"5";"0";"0";"0";"1";"1";"10";"62";"1";"27";"5";"2";"0";"60";"16";"81";"21";"10";"0";"8";"136";"23";"6";"13";"40";"24";"10";"0";"2";"98";"190";"20";"4171"
"220460 HUGO NAPOLEAO";"17";"52";"11";"50";"9";"8";"0";"1";"719";"388";"10";"4";"132";"1";"0";"0";"0";"43";"29";"44";"24";"22";"6";"4";"0";"0";"0";"1";"0";"0";"6";"1";"24";"0";"0";"15";"0";"0";"0";"0";"19";"0";"0";"13";"0";"22";"6";"20";"29";"55";"1";"2";"0";"69";"20";"8";"25";"15";"0";"14";"10";"0";"6";"0";"30";"0";"0";"0";"0";"110";"115";"0";"2210"
"220465 ILHA GRANDE";"2";"101";"20";"73";"31";"15";"6";"0";"1406";"784";"76";"19";"315";"0";"0";"0";"0";"41";"31";"163";"110";"43";"16";"5";"1";"0";"0";"0";"0";"18";"6";"10";"52";"0";"0";"15";"0";"0";"0";"0";"44";"0";"0";"11";"1";"13";"24";"46";"27";"95";"7";"0";"0";"97";"49";"64";"63";"50";"0";"39";"28";"47";"3";"43";"8";"26";"26";"0";"2";"208";"236";"35";"4651"
"220470 INHUMA";"72";"124";"11";"143";"22";"9";"3";"1";"1985";"1365";"53";"20";"649";"2";"0";"0";"0";"107";"48";"419";"314";"76";"26";"3";"0";"0";"0";"0";"0";"0";"5";"4";"61";"0";"0";"26";"0";"3";"0";"0";"5";"1";"0";"14";"1";"45";"26";"38";"31";"71";"10";"1";"2";"92";"18";"28";"11";"9";"0";"7";"41";"0";"14";"2";"128";"6";"0";"0";"2";"290";"459";"8";"6911"
"220480 IPIRANGA DO PIAUI";"0";"20";"2";"17";"3";"0";"0";"0";"263";"138";"4";"0";"97";"0";"0";"0";"0";"14";"7";"28";"25";"6";"6";"0";"0";"0";"0";"0";"0";"25";"3";"3";"15";"0";"0";"0";"0";"0";"0";"0";"1";"0";"0";"7";"0";"12";"8";"7";"8";"41";"1";"0";"0";"44";"4";"15";"3";"2";"0";"2";"45";"8";"1";"10";"12";"6";"8";"0";"2";"52";"74";"9";"1058"
"220490 ISAIAS COELHO";"41";"89";"12";"66";"18";"0";"1";"0";"1106";"884";"13";"3";"497";"0";"0";"0";"0";"81";"36";"169";"164";"54";"19";"3";"0";"0";"0";"0";"1";"0";"3";"2";"207";"0";"0";"9";"0";"0";"2";"0";"90";"0";"0";"9";"2";"18";"44";"14";"19";"39";"1";"1";"0";"70";"21";"4";"13";"11";"0";"2";"15";"0";"1";"0";"49";"0";"0";"0";"2";"276";"257";"1";"4439"
"220500 ITAINOPOLIS";"18";"75";"15";"79";"19";"5";"3";"0";"1183";"791";"11";"11";"369";"1";"0";"0";"0";"39";"24";"142";"100";"14";"12";"2";"0";"0";"0";"0";"0";"22";"2";"0";"40";"0";"0";"28";"0";"0";"1";"0";"7";"0";"0";"35";"0";"69";"32";"19";"65";"159";"1";"0";"0";"156";"174";"35";"216";"197";"0";"177";"74";"26";"5";"13";"38";"16";"18";"0";"0";"334";"255";"13";"5140"
"220510 ITAUEIRA";"47";"73";"11";"43";"23";"14";"2";"0";"1069";"976";"46";"7";"411";"1";"0";"0";"0";"78";"23";"128";"63";"37";"16";"5";"0";"0";"0";"0";"1";"0";"1";"2";"65";"0";"0";"4";"0";"0";"0";"0";"3";"0";"0";"6";"1";"13";"28";"90";"34";"43";"15";"0";"0";"71";"15";"13";"10";"6";"0";"3";"32";"0";"20";"0";"43";"0";"0";"0";"0";"122";"238";"2";"3954"
"220515 JACOBINA DO PIAUI";"44";"60";"5";"53";"5";"1";"1";"0";"771";"448";"7";"7";"200";"0";"0";"0";"0";"30";"27";"101";"80";"15";"9";"3";"0";"0";"0";"0";"0";"0";"1";"2";"54";"0";"0";"16";"0";"0";"1";"0";"52";"0";"0";"9";"0";"22";"12";"27";"29";"52";"1";"0";"0";"54";"9";"4";"8";"6";"0";"5";"16";"0";"8";"0";"19";"0";"0";"0";"4";"158";"180";"0";"2616"
"220520 JAICOS";"108";"212";"19";"178";"42";"14";"6";"2";"2751";"1888";"34";"17";"746";"0";"0";"0";"0";"123";"68";"287";"234";"62";"15";"0";"0";"0";"0";"0";"0";"0";"4";"3";"200";"0";"0";"12";"0";"1";"0";"0";"57";"1";"0";"18";"0";"13";"36";"87";"19";"69";"0";"0";"0";"91";"11";"16";"10";"15";"0";"6";"17";"0";"1";"0";"48";"0";"0";"0";"14";"542";"508";"1";"8606"
"220525 JARDIM DO MULATO";"2";"28";"2";"33";"12";"2";"2";"2";"461";"309";"12";"1";"151";"0";"0";"0";"0";"29";"13";"29";"55";"20";"3";"1";"0";"0";"0";"0";"0";"0";"3";"0";"53";"0";"0";"6";"0";"0";"0";"0";"65";"0";"0";"24";"0";"41";"28";"38";"38";"32";"2";"0";"0";"53";"3";"1";"4";"4";"0";"0";"0";"0";"2";"0";"30";"0";"0";"0";"0";"92";"132";"0";"1818"
"220527 JATOBA DO PIAUI";"21";"51";"6";"38";"13";"2";"4";"0";"713";"746";"22";"19";"245";"3";"1";"0";"0";"70";"27";"135";"89";"40";"26";"2";"0";"0";"0";"0";"0";"0";"19";"3";"21";"0";"0";"4";"0";"2";"0";"0";"35";"1";"0";"1";"0";"9";"0";"22";"12";"11";"4";"0";"0";"21";"19";"11";"23";"28";"0";"10";"38";"0";"15";"0";"38";"0";"0";"0";"2";"64";"221";"0";"2907"
"220530 JERUMENHA";"0";"7";"1";"7";"2";"0";"0";"1";"126";"72";"4";"1";"39";"0";"0";"0";"0";"6";"7";"8";"29";"4";"2";"1";"0";"0";"0";"0";"0";"0";"22";"0";"2";"0";"0";"51";"0";"0";"0";"0";"0";"0";"0";"42";"0";"40";"2";"2";"48";"28";"0";"0";"0";"15";"4";"0";"0";"1";"0";"1";"5";"0";"0";"0";"6";"0";"0";"0";"0";"26";"25";"0";"637"
"220535 JOAO COSTA";"6";"35";"8";"27";"8";"4";"1";"1";"483";"367";"12";"8";"185";"0";"0";"0";"0";"28";"22";"42";"57";"5";"4";"1";"0";"0";"0";"0";"0";"2";"0";"2";"2";"0";"0";"1";"0";"0";"0";"0";"1";"0";"0";"4";"0";"1";"2";"18";"3";"16";"1";"0";"0";"31";"18";"3";"7";"4";"0";"7";"14";"0";"0";"0";"15";"0";"0";"0";"0";"78";"77";"5";"1616"
"220540 JOAQUIM PIRES";"15";"100";"36";"85";"49";"28";"6";"4";"1753";"1323";"61";"28";"513";"1";"2";"0";"0";"106";"67";"326";"254";"43";"27";"7";"2";"0";"0";"0";"0";"2";"6";"1";"135";"0";"0";"17";"0";"2";"0";"0";"14";"0";"0";"28";"0";"52";"20";"81";"24";"44";"3";"1";"0";"78";"33";"35";"38";"38";"0";"39";"29";"1";"7";"0";"34";"1";"1";"0";"2";"268";"398";"4";"6272"
"220545 JOCA MARQUES";"0";"17";"1";"14";"7";"3";"0";"0";"254";"198";"29";"17";"85";"1";"2";"0";"0";"22";"24";"35";"15";"12";"4";"1";"0";"0";"0";"0";"0";"14";"1";"5";"42";"1";"1";"6";"0";"1";"0";"0";"44";"3";"0";"1";"0";"3";"30";"29";"4";"16";"1";"0";"1";"31";"6";"29";"10";"7";"0";"4";"16";"1";"2";"0";"1";"0";"0";"0";"0";"34";"49";"12";"1146"
"220550 JOSE DE FREITAS";"188";"513";"64";"411";"100";"32";"11";"6";"5838";"4757";"273";"80";"1927";"9";"0";"0";"0";"310";"142";"712";"351";"150";"71";"7";"0";"0";"0";"0";"4";"2";"27";"23";"286";"1";"0";"72";"0";"4";"0";"0";"62";"1";"0";"118";"3";"163";"132";"121";"167";"357";"8";"0";"0";"486";"355";"64";"324";"273";"2";"208";"68";"37";"24";"42";"81";"27";"26";"2";"10";"1084";"750";"4";"21370"
"220551 JUAZEIRO DO PIAUI";"26";"47";"10";"49";"25";"6";"4";"0";"884";"720";"16";"6";"279";"0";"0";"0";"0";"56";"19";"94";"43";"20";"20";"0";"0";"0";"0";"0";"1";"6";"0";"2";"60";"0";"0";"2";"0";"0";"0";"0";"9";"0";"0";"2";"1";"5";"6";"6";"8";"32";"3";"0";"0";"28";"10";"11";"7";"9";"0";"1";"14";"2";"3";"8";"29";"3";"3";"0";"0";"140";"95";"3";"2833"
"220552 JULIO BORGES";"20";"41";"7";"47";"10";"5";"1";"1";"736";"443";"7";"0";"97";"0";"0";"0";"0";"10";"5";"32";"25";"4";"1";"1";"0";"0";"0";"0";"0";"0";"0";"2";"0";"0";"0";"1";"0";"0";"0";"0";"1";"0";"0";"0";"0";"2";"6";"0";"1";"5";"0";"0";"0";"2";"3";"7";"3";"2";"0";"1";"1";"0";"0";"0";"9";"0";"0";"0";"0";"78";"33";"0";"1650"
"220553 JUREMA";"3";"55";"6";"52";"17";"7";"0";"1";"881";"642";"48";"12";"324";"1";"0";"0";"0";"35";"7";"91";"64";"17";"7";"2";"0";"0";"0";"0";"0";"0";"1";"2";"77";"0";"0";"1";"0";"0";"0";"0";"18";"0";"0";"1";"0";"8";"6";"57";"4";"21";"0";"0";"0";"56";"17";"9";"28";"15";"0";"7";"7";"0";"0";"0";"37";"1";"0";"0";"4";"156";"184";"0";"2989"
"220554 LAGOINHA DO PIAUI";"5";"42";"13";"26";"15";"3";"2";"0";"481";"464";"32";"20";"167";"0";"0";"0";"0";"38";"10";"72";"44";"31";"14";"0";"0";"0";"0";"0";"0";"0";"3";"3";"3";"0";"0";"13";"0";"0";"0";"0";"0";"1";"0";"9";"0";"11";"26";"17";"16";"130";"5";"0";"0";"108";"85";"9";"85";"98";"0";"87";"121";"0";"11";"0";"33";"0";"0";"0";"4";"98";"119";"0";"2574"
"220555 LAGOA ALEGRE";"29";"103";"9";"97";"16";"10";"1";"0";"1410";"1082";"20";"5";"485";"2";"0";"0";"0";"66";"37";"217";"177";"43";"24";"6";"0";"0";"0";"0";"0";"0";"2";"2";"134";"0";"0";"7";"1";"0";"2";"0";"7";"1";"0";"11";"0";"17";"44";"55";"37";"98";"0";"0";"0";"100";"28";"7";"20";"20";"0";"34";"11";"4";"6";"1";"44";"1";"1";"0";"4";"334";"221";"0";"5093"
"220556 LAGOA DO BARRO DO PIAUI";"30";"62";"9";"57";"11";"5";"3";"1";"937";"597";"45";"10";"327";"0";"0";"0";"0";"45";"30";"132";"70";"11";"8";"6";"0";"0";"0";"0";"0";"9";"2";"1";"107";"0";"0";"0";"0";"0";"0";"0";"76";"0";"0";"1";"0";"1";"16";"101";"14";"48";"0";"0";"0";"106";"53";"15";"46";"50";"0";"23";"28";"0";"6";"0";"65";"0";"0";"0";"4";"126";"350";"2";"3646"
"220557 LAGOA DE SAO FRANCISCO";"11";"49";"10";"52";"12";"9";"1";"0";"812";"686";"31";"9";"284";"0";"0";"0";"0";"38";"13";"61";"28";"10";"6";"2";"0";"0";"0";"0";"0";"4";"2";"0";"3";"0";"0";"2";"0";"0";"0";"0";"0";"0";"0";"1";"0";"0";"2";"9";"1";"5";"0";"0";"0";"9";"5";"9";"5";"2";"0";"2";"6";"2";"1";"0";"14";"0";"0";"0";"0";"104";"58";"2";"2372"
"220558 LAGOA DO PIAUI";"23";"70";"4";"60";"12";"10";"3";"0";"938";"520";"29";"13";"273";"0";"0";"0";"0";"38";"24";"139";"88";"23";"8";"5";"0";"0";"0";"0";"1";"0";"0";"0";"16";"0";"0";"30";"0";"0";"0";"0";"88";"0";"0";"48";"0";"29";"42";"189";"35";"82";"1";"0";"0";"86";"85";"11";"65";"61";"0";"30";"31";"0";"7";"0";"59";"0";"0";"0";"0";"208";"332";"0";"3816"
"220559 LAGOA DO SITIO";"8";"34";"6";"35";"7";"1";"0";"0";"465";"239";"8";"4";"193";"2";"1";"0";"0";"29";"18";"70";"41";"20";"12";"4";"0";"0";"0";"0";"0";"0";"4";"3";"52";"0";"0";"16";"0";"0";"1";"0";"129";"1";"0";"6";"0";"19";"4";"18";"8";"20";"2";"0";"0";"32";"16";"1";"9";"5";"0";"11";"20";"0";"6";"1";"18";"0";"0";"0";"0";"54";"147";"0";"1800"
"220560 LANDRI SALES";"16";"80";"7";"50";"16";"7";"0";"0";"925";"643";"31";"6";"255";"0";"0";"0";"0";"71";"23";"174";"113";"17";"5";"1";"0";"0";"0";"0";"0";"0";"1";"3";"29";"0";"0";"13";"0";"0";"0";"0";"0";"0";"0";"20";"1";"24";"14";"47";"14";"44";"13";"0";"0";"73";"5";"17";"21";"13";"0";"6";"44";"0";"11";"0";"75";"0";"0";"0";"0";"188";"193";"0";"3309"
"220570 LUIS CORREIA";"28";"97";"38";"57";"40";"23";"12";"4";"2183";"2017";"137";"23";"511";"1";"0";"0";"0";"74";"50";"219";"137";"36";"18";"6";"0";"0";"0";"0";"1";"12";"9";"16";"49";"0";"0";"29";"0";"0";"1";"0";"19";"1";"0";"12";"0";"26";"66";"66";"27";"78";"3";"1";"1";"125";"37";"35";"28";"35";"0";"30";"50";"33";"4";"20";"51";"18";"14";"0";"6";"268";"432";"11";"7325"
"220580 LUZILANDIA";"300";"124";"21";"68";"45";"16";"4";"2";"1979";"1232";"101";"24";"475";"3";"0";"0";"0";"68";"36";"149";"75";"24";"17";"6";"0";"2";"0";"0";"0";"4";"13";"5";"19";"0";"0";"29";"0";"6";"0";"0";"5";"1";"0";"19";"0";"17";"80";"70";"25";"116";"0";"1";"7";"153";"26";"24";"6";"6";"0";"2";"12";"0";"5";"0";"18";"0";"0";"0";"4";"190";"234";"5";"5873"
"220585 MADEIRO";"15";"95";"20";"80";"32";"13";"4";"2";"1462";"956";"74";"17";"369";"0";"0";"0";"0";"78";"31";"194";"136";"57";"10";"7";"2";"1";"0";"0";"0";"27";"20";"7";"126";"0";"0";"95";"0";"1";"0";"0";"8";"0";"0";"133";"0";"180";"174";"169";"217";"261";"0";"0";"6";"354";"84";"15";"67";"39";"0";"29";"88";"16";"253";"9";"80";"13";"3";"0";"8";"248";"564";"7";"6956"
"220590 MANOEL EMIDIO";"79";"72";"12";"48";"25";"3";"1";"6";"859";"437";"22";"0";"151";"0";"0";"0";"0";"27";"17";"46";"58";"10";"4";"2";"0";"0";"0";"0";"2";"0";"1";"0";"1";"0";"0";"6";"0";"0";"0";"0";"0";"0";"0";"3";"0";"1";"16";"15";"5";"23";"0";"1";"0";"25";"3";"0";"2";"4";"0";"3";"1";"0";"0";"0";"8";"0";"0";"0";"0";"120";"56";"0";"2175"
"220595 MARCOLANDIA";"39";"82";"7";"88";"16";"10";"2";"0";"1351";"819";"30";"3";"378";"1";"0";"0";"0";"52";"46";"173";"125";"26";"14";"3";"0";"0";"0";"0";"0";"10";"3";"7";"185";"0";"0";"7";"0";"0";"0";"0";"163";"0";"0";"6";"0";"21";"38";"152";"26";"123";"0";"0";"0";"161";"95";"7";"77";"60";"0";"44";"40";"0";"6";"0";"86";"0";"0";"0";"4";"294";"375";"27";"5282"
"220600 MARCOS PARENTE";"3";"14";"3";"25";"7";"1";"0";"0";"414";"472";"25";"0";"188";"0";"0";"0";"0";"34";"5";"58";"34";"8";"6";"0";"0";"0";"0";"0";"0";"0";"3";"1";"47";"0";"0";"4";"0";"0";"1";"0";"14";"2";"0";"2";"0";"2";"8";"15";"4";"21";"1";"1";"0";"23";"7";"2";"3";"2";"0";"3";"2";"0";"0";"0";"19";"0";"0";"0";"0";"146";"58";"0";"1688"
"220605 MASSAPE DO PIAUI";"11";"25";"15";"40";"13";"5";"2";"7";"682";"421";"21";"18";"191";"1";"0";"0";"0";"43";"19";"99";"56";"32";"6";"2";"0";"0";"0";"0";"0";"1";"1";"4";"20";"0";"0";"5";"0";"0";"2";"0";"5";"0";"0";"13";"0";"28";"26";"182";"21";"64";"5";"0";"1";"120";"69";"77";"88";"95";"0";"56";"64";"1";"11";"1";"69";"1";"0";"0";"0";"58";"443";"37";"3277"
"220610 MATIAS OLIMPIO";"14";"132";"30";"102";"43";"21";"12";"2";"1814";"1496";"48";"11";"681";"5";"1";"0";"0";"128";"32";"275";"154";"47";"12";"1";"0";"0";"0";"0";"0";"51";"6";"6";"235";"1";"0";"28";"0";"0";"0";"0";"24";"2";"0";"23";"0";"35";"40";"237";"41";"135";"1";"0";"0";"144";"42";"65";"40";"40";"0";"28";"129";"9";"13";"11";"41";"5";"4";"0";"4";"308";"428";"26";"7263"
"220620 MIGUEL ALVES";"117";"298";"104";"186";"136";"94";"54";"5";"4125";"3878";"713";"281";"1013";"16";"0";"0";"0";"195";"143";"269";"164";"91";"39";"15";"0";"1";"0";"2";"0";"58";"16";"39";"5";"0";"0";"46";"0";"4";"1";"0";"1";"2";"0";"9";"0";"3";"174";"37";"12";"164";"0";"9";"2";"126";"8";"49";"10";"7";"0";"1";"15";"1";"1";"1";"1";"0";"1";"0";"0";"828";"473";"37";"14080"
"220630 MIGUEL LEAO";"0";"11";"4";"17";"3";"0";"2";"6";"261";"141";"1";"5";"65";"1";"0";"0";"0";"13";"3";"21";"26";"8";"4";"1";"0";"0";"0";"0";"2";"9";"7";"0";"10";"0";"0";"24";"0";"0";"0";"0";"0";"8";"0";"15";"0";"13";"28";"5";"23";"35";"0";"1";"0";"31";"27";"40";"28";"17";"0";"14";"69";"31";"9";"23";"4";"16";"9";"0";"0";"30";"42";"26";"1189"
"220635 MILTON BRANDAO";"1";"55";"8";"38";"20";"8";"1";"0";"724";"503";"18";"5";"213";"0";"0";"0";"0";"38";"23";"104";"48";"26";"6";"8";"0";"0";"0";"0";"0";"0";"4";"0";"3";"0";"0";"6";"0";"0";"0";"0";"2";"0";"0";"4";"0";"15";"8";"4";"11";"5";"0";"0";"0";"23";"2";"0";"0";"0";"0";"0";"0";"0";"0";"0";"21";"0";"0";"0";"2";"80";"96";"0";"2133"
"220640 MONSENHOR GIL";"44";"135";"14";"110";"38";"7";"3";"2";"1629";"1113";"41";"15";"527";"0";"1";"0";"0";"70";"43";"225";"115";"55";"16";"2";"0";"0";"0";"0";"2";"0";"6";"8";"169";"0";"0";"11";"0";"0";"4";"0";"108";"2";"0";"19";"19";"30";"40";"97";"28";"202";"36";"1";"0";"191";"66";"44";"81";"65";"0";"56";"49";"0";"19";"0";"97";"0";"0";"0";"2";"278";"469";"0";"6404"
"220650 MONSENHOR HIPOLITO";"3";"79";"7";"65";"12";"3";"1";"0";"882";"579";"10";"1";"294";"0";"0";"0";"0";"60";"11";"184";"90";"12";"1";"1";"0";"1";"0";"0";"0";"0";"0";"0";"0";"0";"0";"18";"0";"1";"0";"0";"4";"1";"1";"16";"0";"15";"20";"26";"39";"52";"1";"1";"0";"101";"5";"5";"3";"1";"0";"1";"8";"0";"5";"0";"21";"0";"0";"0";"0";"186";"199";"0";"3026"
"220660 MONTE ALEGRE DO PIAUI";"24";"98";"26";"73";"31";"18";"9";"0";"1562";"1171";"88";"38";"481";"4";"0";"0";"0";"82";"64";"249";"169";"67";"19";"2";"0";"0";"1";"0";"0";"105";"11";"19";"57";"3";"1";"38";"0";"0";"0";"0";"23";"12";"0";"13";"2";"12";"94";"215";"16";"181";"16";"0";"0";"239";"27";"105";"15";"12";"0";"18";"124";"73";"13";"75";"42";"47";"35";"0";"8";"434";"574";"26";"6961"
"220665 MORRO CABECA NO TEMPO";"29";"44";"17";"30";"18";"9";"4";"0";"643";"331";"12";"10";"182";"0";"0";"0";"0";"40";"13";"63";"58";"13";"8";"0";"0";"0";"0";"0";"0";"0";"2";"0";"0";"0";"0";"16";"0";"0";"0";"0";"0";"0";"0";"10";"0";"2";"6";"20";"3";"14";"0";"1";"0";"39";"8";"1";"8";"7";"0";"2";"2";"0";"4";"0";"34";"0";"0";"0";"0";"112";"125";"0";"1940"
"220667 MORRO DO CHAPEU DO PIAUI";"22";"86";"14";"76";"24";"5";"0";"0";"1144";"831";"17";"6";"507";"0";"0";"0";"0";"70";"22";"262";"124";"27";"18";"1";"1";"0";"0";"0";"0";"73";"2";"3";"254";"0";"0";"12";"0";"0";"0";"0";"298";"0";"0";"4";"0";"12";"24";"109";"25";"67";"2";"0";"2";"109";"65";"38";"49";"32";"0";"39";"78";"16";"56";"9";"326";"8";"6";"0";"0";"178";"404";"20";"5577"
"220669 MURICI DOS PORTELAS";"0";"29";"7";"24";"17";"6";"4";"0";"463";"292";"31";"16";"143";"0";"0";"0";"0";"16";"16";"55";"48";"10";"3";"2";"0";"0";"0";"0";"0";"0";"0";"0";"29";"1";"0";"7";"0";"0";"0";"0";"2";"2";"0";"7";"0";"9";"16";"24";"16";"54";"0";"0";"0";"76";"2";"3";"9";"13";"0";"12";"1";"0";"0";"0";"10";"0";"0";"0";"0";"60";"100";"0";"1635"
"220670 NAZARE DO PIAUI";"0";"83";"15";"52";"31";"7";"1";"0";"1019";"859";"30";"2";"299";"0";"0";"0";"0";"30";"16";"95";"45";"25";"6";"0";"0";"0";"0";"0";"0";"0";"3";"1";"29";"0";"0";"1";"0";"0";"0";"0";"31";"0";"0";"4";"1";"3";"12";"53";"2";"23";"5";"0";"0";"42";"1";"5";"8";"5";"0";"4";"10";"0";"6";"0";"70";"0";"0";"0";"0";"164";"98";"0";"3196"
"220672 NAZARIA";"0";"80";"11";"66";"27";"8";"5";"0";"1210";"1085";"73";"14";"504";"0";"0";"0";"0";"109";"108";"127";"86";"26";"12";"2";"0";"0";"0";"0";"0";"0";"6";"2";"42";"2";"0";"16";"0";"1";"0";"0";"48";"1";"0";"10";"1";"21";"74";"158";"26";"95";"0";"0";"0";"77";"66";"20";"62";"53";"0";"14";"24";"0";"19";"0";"72";"0";"0";"0";"2";"294";"301";"0";"5060"
"220675 NOSSA SENHORA DE NAZARE";"14";"52";"6";"37";"8";"3";"1";"1";"667";"523";"2";"0";"174";"5";"0";"0";"0";"52";"12";"153";"75";"21";"6";"0";"0";"0";"0";"0";"1";"0";"5";"2";"0";"0";"0";"6";"0";"2";"1";"0";"0";"1";"0";"5";"0";"14";"2";"4";"19";"10";"3";"1";"0";"39";"1";"2";"4";"0";"0";"0";"1";"0";"2";"0";"8";"0";"0";"0";"4";"90";"133";"0";"2172"
"220680 NOSSA SENHORA DOS REMEDIOS";"39";"131";"24";"82";"38";"21";"5";"1";"1699";"1104";"60";"13";"636";"1";"0";"0";"0";"88";"42";"205";"73";"33";"15";"13";"0";"0";"1";"0";"0";"4";"1";"8";"120";"1";"0";"10";"0";"2";"1";"0";"1";"3";"0";"8";"1";"16";"56";"68";"32";"88";"10";"0";"1";"93";"20";"15";"19";"27";"0";"9";"27";"0";"12";"0";"71";"0";"0";"0";"6";"172";"296";"7";"5529"
"220690 NOVO ORIENTE DO PIAUI";"1";"26";"6";"33";"15";"5";"1";"0";"468";"328";"6";"0";"145";"0";"0";"0";"0";"11";"10";"53";"17";"10";"7";"1";"0";"0";"0";"0";"0";"0";"1";"1";"5";"0";"0";"2";"0";"0";"0";"0";"1";"2";"0";"2";"0";"1";"18";"10";"9";"92";"1";"0";"0";"109";"69";"6";"68";"53";"0";"42";"9";"13";"8";"3";"35";"10";"10";"0";"8";"80";"131";"0";"1942"
"220695 NOVO SANTO ANTONIO";"6";"35";"4";"37";"9";"1";"2";"0";"522";"411";"17";"4";"161";"1";"0";"0";"0";"15";"9";"30";"23";"13";"3";"0";"0";"0";"0";"0";"0";"0";"1";"3";"11";"0";"0";"0";"0";"0";"0";"0";"2";"0";"0";"1";"0";"0";"2";"4";"1";"12";"2";"0";"0";"19";"0";"3";"5";"3";"0";"1";"2";"0";"0";"0";"9";"0";"0";"0";"0";"92";"52";"0";"1528"
"220700 OEIRAS";"735";"411";"40";"365";"79";"16";"5";"0";"6096";"3889";"106";"37";"1478";"2";"0";"0";"0";"287";"158";"1006";"573";"203";"105";"18";"0";"4";"1";"0";"3";"9";"18";"12";"258";"1";"0";"78";"0";"0";"3";"0";"259";"5";"0";"66";"2";"88";"224";"717";"99";"399";"27";"2";"2";"478";"163";"85";"149";"127";"0";"88";"87";"0";"56";"0";"496";"1";"1";"0";"16";"1296";"1630";"4";"22563"
"220710 OLHO D\'AGUA DO PIAUI";"16";"27";"4";"25";"10";"2";"1";"0";"517";"273";"13";"6";"158";"2";"0";"0";"0";"20";"11";"60";"49";"11";"9";"5";"2";"2";"0";"0";"0";"1";"4";"5";"38";"0";"0";"11";"1";"2";"2";"0";"65";"0";"0";"1";"0";"5";"18";"51";"2";"15";"0";"0";"7";"13";"1";"27";"1";"1";"0";"0";"24";"30";"10";"41";"3";"31";"25";"0";"0";"22";"80";"1";"1761"
"220720 PADRE MARCOS";"30";"74";"6";"68";"11";"2";"0";"0";"968";"739";"10";"3";"278";"0";"0";"0";"0";"72";"37";"160";"139";"42";"10";"0";"0";"0";"0";"0";"0";"0";"4";"2";"2";"0";"0";"8";"0";"0";"1";"0";"0";"1";"0";"20";"0";"35";"18";"0";"38";"106";"0";"0";"0";"95";"3";"1";"0";"0";"0";"2";"2";"0";"0";"0";"11";"0";"0";"0";"8";"242";"114";"1";"3363"
"220730 PAES LANDIM";"46";"72";"8";"33";"18";"6";"1";"0";"747";"450";"17";"9";"225";"0";"0";"0";"0";"37";"12";"48";"47";"20";"9";"0";"0";"0";"0";"0";"0";"0";"7";"5";"61";"0";"0";"7";"1";"1";"1";"0";"24";"0";"0";"5";"1";"6";"6";"16";"8";"65";"1";"0";"0";"44";"15";"10";"2";"4";"0";"4";"8";"0";"6";"0";"19";"0";"0";"0";"4";"140";"106";"0";"2382"
"220735 PAJEU DO PIAUI";"3";"22";"1";"32";"1";"2";"2";"0";"338";"265";"11";"3";"110";"0";"0";"0";"0";"32";"0";"49";"19";"2";"1";"0";"0";"0";"0";"0";"0";"0";"0";"0";"1";"0";"0";"0";"0";"0";"0";"0";"1";"0";"0";"1";"0";"2";"0";"23";"7";"21";"1";"0";"0";"36";"10";"1";"8";"1";"0";"8";"14";"0";"3";"0";"51";"0";"0";"0";"0";"54";"121";"0";"1257"
"220740 PALMEIRA DO PIAUI";"0";"28";"3";"38";"6";"5";"1";"0";"541";"489";"5";"9";"242";"0";"0";"0";"0";"64";"19";"122";"52";"34";"12";"1";"0";"0";"0";"0";"0";"26";"1";"0";"5";"0";"0";"14";"0";"0";"0";"0";"1";"1";"0";"16";"0";"13";"56";"56";"18";"115";"0";"0";"0";"120";"33";"6";"27";"28";"0";"23";"19";"1";"2";"1";"59";"0";"0";"0";"2";"172";"173";"1";"2660"
"220750 PALMEIRAIS";"55";"195";"34";"165";"57";"22";"8";"2";"2690";"1533";"133";"55";"540";"4";"1";"0";"0";"81";"61";"321";"168";"98";"58";"5";"1";"1";"0";"1";"0";"0";"39";"3";"49";"1";"0";"93";"0";"2";"0";"0";"0";"3";"0";"73";"1";"67";"230";"43";"92";"231";"0";"1";"3";"265";"30";"49";"34";"11";"0";"10";"44";"0";"33";"0";"77";"0";"0";"0";"2";"118";"721";"0";"8614"
"220755 PAQUETA";"1";"25";"5";"22";"9";"2";"1";"0";"382";"214";"8";"4";"54";"0";"0";"0";"0";"20";"5";"43";"34";"11";"3";"0";"0";"0";"0";"0";"0";"0";"0";"0";"0";"0";"0";"1";"0";"0";"0";"0";"0";"0";"0";"6";"0";"13";"0";"0";"10";"36";"0";"0";"0";"50";"50";"0";"57";"47";"0";"43";"1";"0";"1";"0";"4";"0";"0";"0";"2";"84";"17";"0";"1265"
"220760 PARNAGUA";"72";"105";"12";"73";"23";"5";"4";"0";"1406";"1096";"54";"24";"279";"0";"0";"0";"0";"52";"34";"130";"104";"24";"11";"1";"0";"1";"0";"0";"0";"13";"6";"3";"27";"0";"0";"56";"0";"0";"0";"0";"17";"0";"0";"76";"0";"78";"16";"28";"99";"110";"1";"0";"1";"93";"61";"38";"87";"83";"0";"49";"44";"22";"5";"13";"21";"6";"5";"2";"12";"358";"182";"6";"5128"
"220770 PARNAIBA";"426";"727";"117";"570";"222";"72";"44";"5";"11013";"7287";"674";"294";"2971";"28";"5";"1";"0";"411";"257";"943";"661";"175";"114";"22";"2";"3";"1";"1";"0";"181";"83";"234";"859";"11";"3";"179";"0";"14";"2";"0";"181";"11";"0";"65";"3";"91";"222";"607";"104";"672";"5";"1";"11";"663";"423";"548";"384";"319";"6";"308";"488";"17";"89";"21";"317";"6";"8";"0";"12";"1376";"2549";"461";"38580"
"220775 PASSAGEM FRANCA DO PIAUI";"18";"24";"5";"22";"14";"11";"0";"0";"561";"259";"16";"7";"102";"0";"0";"0";"0";"40";"10";"24";"23";"12";"10";"0";"0";"0";"0";"1";"0";"0";"2";"0";"0";"0";"0";"4";"0";"0";"0";"0";"2";"0";"0";"3";"0";"3";"32";"23";"10";"32";"0";"0";"0";"30";"16";"4";"18";"7";"0";"6";"13";"0";"2";"0";"20";"0";"0";"0";"0";"104";"114";"0";"1604"
"220777 PATOS DO PIAUI";"16";"46";"2";"39";"3";"3";"1";"0";"581";"279";"1";"1";"168";"1";"0";"0";"0";"54";"32";"167";"94";"23";"18";"0";"0";"0";"0";"0";"0";"0";"2";"23";"93";"1";"0";"2";"0";"4";"0";"0";"47";"0";"0";"8";"1";"18";"42";"167";"38";"94";"6";"0";"0";"136";"8";"41";"8";"6";"0";"7";"31";"0";"13";"0";"39";"0";"0";"0";"2";"34";"509";"1";"2910"
"220779 PAU D\'ARCO DO PIAUI";"2";"38";"15";"39";"25";"2";"0";"0";"645";"485";"17";"0";"156";"0";"0";"0";"0";"25";"17";"70";"50";"18";"5";"1";"0";"0";"0";"0";"0";"0";"0";"0";"14";"0";"0";"1";"0";"0";"0";"0";"18";"0";"0";"12";"0";"5";"34";"14";"20";"17";"0";"0";"0";"30";"9";"0";"11";"7";"0";"11";"6";"0";"2";"0";"32";"0";"0";"0";"4";"100";"81";"0";"2038"
"220780 PAULISTANA";"303";"165";"24";"142";"59";"18";"7";"3";"2540";"1624";"100";"40";"580";"2";"0";"0";"0";"126";"75";"282";"206";"64";"50";"3";"0";"0";"1";"0";"0";"2";"8";"7";"117";"1";"0";"28";"0";"0";"0";"0";"108";"1";"0";"17";"1";"40";"56";"114";"34";"64";"4";"0";"0";"87";"27";"33";"17";"17";"0";"12";"29";"0";"8";"0";"119";"0";"0";"0";"16";"434";"580";"4";"8399"
"220785 PAVUSSU";"0";"25";"2";"27";"7";"1";"1";"0";"380";"351";"13";"0";"159";"0";"0";"0";"0";"28";"11";"54";"56";"9";"4";"1";"0";"0";"0";"0";"0";"0";"4";"3";"38";"0";"0";"4";"0";"0";"1";"0";"0";"0";"0";"10";"0";"13";"10";"6";"10";"10";"2";"0";"0";"19";"3";"3";"1";"1";"0";"0";"2";"0";"1";"1";"9";"0";"3";"0";"0";"82";"44";"0";"1409"
"220790 PEDRO II";"332";"358";"51";"334";"92";"26";"7";"1";"5434";"3666";"135";"72";"1314";"3";"0";"0";"0";"209";"107";"643";"419";"183";"59";"20";"0";"1";"0";"0";"0";"2";"6";"5";"270";"1";"0";"23";"0";"2";"0";"0";"160";"0";"0";"19";"0";"37";"46";"373";"41";"140";"1";"1";"0";"207";"105";"44";"97";"62";"0";"58";"44";"0";"11";"0";"258";"0";"0";"0";"12";"808";"774";"1";"17074"
"220793 PEDRO LAURENTINO";"3";"19";"7";"17";"7";"5";"0";"2";"425";"352";"19";"3";"136";"2";"0";"0";"0";"30";"10";"60";"84";"21";"9";"1";"0";"0";"0";"0";"0";"9";"2";"5";"1";"0";"0";"9";"0";"0";"0";"0";"3";"0";"0";"8";"0";"16";"0";"42";"15";"29";"1";"0";"1";"21";"9";"5";"5";"11";"0";"16";"30";"0";"5";"0";"24";"0";"0";"0";"0";"66";"130";"7";"1682"
"220795 NOVA SANTA RITA";"27";"43";"9";"37";"11";"7";"2";"0";"618";"545";"8";"1";"218";"1";"1";"0";"0";"37";"12";"118";"77";"33";"21";"3";"0";"0";"0";"0";"0";"0";"4";"5";"25";"0";"0";"1";"0";"0";"0";"0";"2";"0";"0";"4";"0";"6";"8";"20";"1";"13";"1";"0";"0";"41";"14";"4";"6";"4";"0";"5";"23";"0";"5";"0";"21";"0";"0";"0";"2";"108";"138";"0";"2290"
"220800 PICOS";"2440";"652";"70";"511";"160";"49";"16";"9";"11013";"5768";"296";"146";"2142";"9";"3";"0";"0";"319";"235";"851";"630";"218";"93";"30";"0";"0";"3";"2";"0";"264";"74";"37";"422";"3";"0";"232";"1";"2";"5";"0";"130";"7";"0";"174";"2";"215";"146";"394";"221";"491";"24";"5";"5";"718";"308";"458";"290";"268";"2";"179";"536";"196";"82";"146";"662";"90";"70";"0";"14";"2042";"2157";"157";"36894"
"220810 PIMENTEIRAS";"53";"81";"15";"50";"24";"6";"2";"1";"1108";"862";"36";"9";"326";"3";"0";"0";"0";"65";"39";"122";"95";"42";"26";"1";"0";"0";"0";"0";"0";"2";"3";"1";"49";"0";"0";"35";"0";"1";"0";"0";"6";"1";"0";"4";"0";"0";"32";"9";"9";"27";"3";"0";"0";"36";"1";"10";"6";"10";"0";"3";"23";"0";"31";"0";"62";"0";"0";"0";"10";"214";"160";"4";"3718"
"220820 PIO IX";"50";"135";"20";"138";"32";"11";"6";"0";"2000";"1615";"61";"10";"829";"1";"0";"0";"0";"126";"51";"338";"182";"29";"12";"7";"0";"0";"0";"0";"0";"35";"3";"3";"40";"0";"0";"5";"0";"0";"0";"0";"2";"1";"0";"0";"1";"1";"22";"50";"11";"60";"2";"0";"0";"110";"68";"20";"47";"47";"0";"23";"40";"13";"5";"12";"77";"8";"4";"0";"0";"352";"370";"12";"7097"
"220830 PIRACURUCA";"325";"104";"8";"81";"21";"9";"6";"0";"1833";"1207";"49";"9";"407";"1";"0";"0";"0";"105";"39";"259";"155";"35";"18";"3";"0";"1";"0";"0";"0";"0";"2";"0";"104";"0";"0";"2";"0";"0";"0";"0";"63";"0";"0";"2";"0";"0";"32";"47";"5";"48";"0";"0";"0";"53";"29";"5";"29";"32";"0";"39";"10";"0";"0";"0";"34";"0";"0";"0";"2";"158";"162";"0";"5533"
"220840 PIRIPIRI";"1220";"926";"129";"852";"252";"82";"17";"4";"14036";"8731";"333";"101";"4480";"4";"4";"0";"0";"764";"313";"2079";"1021";"221";"74";"18";"1";"1";"0";"1";"4";"30";"49";"27";"1861";"12";"2";"151";"0";"2";"5";"0";"528";"14";"0";"64";"1";"92";"388";"1195";"238";"881";"135";"1";"2";"1141";"373";"261";"384";"328";"0";"264";"494";"44";"335";"29";"1513";"33";"36";"0";"26";"1936";"3778";"22";"52343"
"220850 PORTO";"81";"165";"18";"136";"44";"8";"7";"3";"2053";"1594";"180";"62";"649";"6";"0";"0";"0";"126";"55";"278";"240";"60";"46";"16";"3";"0";"0";"1";"0";"121";"60";"43";"89";"12";"1";"174";"0";"2";"2";"0";"80";"46";"0";"145";"3";"148";"582";"434";"154";"515";"6";"3";"6";"367";"192";"191";"158";"101";"2";"86";"242";"36";"63";"46";"167";"31";"21";"0";"2";"338";"834";"103";"11437"
"220855 PORTO ALEGRE DO PIAUI";"1";"9";"2";"14";"3";"3";"0";"0";"260";"260";"12";"10";"133";"0";"0";"0";"0";"14";"6";"35";"25";"11";"5";"0";"0";"0";"0";"0";"0";"0";"2";"1";"53";"0";"0";"9";"0";"0";"0";"0";"39";"1";"0";"2";"0";"3";"4";"17";"3";"14";"0";"0";"0";"15";"1";"3";"3";"1";"0";"3";"5";"0";"5";"0";"11";"0";"0";"0";"0";"46";"40";"0";"1084"
"220860 PRATA DO PIAUI";"1";"21";"3";"14";"2";"0";"0";"0";"249";"81";"8";"1";"28";"0";"0";"0";"0";"15";"2";"29";"49";"0";"0";"0";"0";"0";"0";"0";"0";"0";"0";"0";"2";"1";"0";"26";"0";"0";"0";"0";"20";"7";"0";"32";"0";"42";"10";"8";"35";"17";"1";"0";"1";"5";"3";"2";"7";"0";"0";"0";"4";"0";"3";"0";"9";"0";"0";"0";"0";"44";"22";"0";"804"
"220865 QUEIMADA NOVA";"33";"91";"5";"72";"16";"4";"0";"0";"1193";"823";"20";"18";"426";"0";"0";"0";"0";"65";"48";"212";"134";"28";"26";"3";"0";"0";"0";"0";"0";"0";"3";"3";"183";"0";"0";"1";"0";"0";"0";"0";"277";"0";"0";"2";"2";"3";"52";"226";"5";"119";"5";"0";"0";"111";"7";"16";"10";"7";"0";"2";"13";"0";"6";"0";"96";"0";"0";"0";"0";"246";"605";"0";"5217"
"220870 REDENCAO DO GURGUEIA";"1";"57";"10";"67";"15";"6";"0";"0";"955";"931";"37";"0";"327";"0";"0";"0";"0";"38";"20";"72";"59";"15";"5";"1";"0";"0";"0";"0";"0";"0";"0";"1";"9";"0";"0";"1";"0";"0";"0";"0";"0";"0";"0";"0";"0";"1";"22";"3";"6";"151";"0";"0";"0";"154";"143";"6";"139";"102";"0";"59";"7";"0";"1";"0";"12";"0";"0";"0";"2";"154";"109";"0";"3698"
"220880 REGENERACAO";"101";"177";"40";"134";"57";"34";"5";"0";"2541";"1784";"220";"17";"615";"3";"2";"0";"0";"114";"53";"168";"242";"69";"30";"16";"0";"0";"0";"0";"0";"1";"11";"3";"47";"5";"0";"178";"0";"0";"1";"0";"46";"21";"0";"192";"0";"174";"168";"48";"172";"94";"1";"0";"0";"80";"49";"9";"48";"31";"0";"27";"18";"0";"7";"0";"75";"0";"0";"0";"6";"522";"274";"9";"8739"
"220885 RIACHO FRIO";"5";"5";"3";"5";"2";"0";"0";"0";"84";"54";"14";"8";"23";"0";"0";"0";"0";"6";"2";"7";"8";"2";"0";"1";"0";"0";"0";"0";"0";"0";"3";"0";"5";"0";"0";"12";"0";"0";"0";"0";"1";"0";"0";"2";"0";"4";"0";"2";"0";"3";"0";"0";"0";"1";"1";"0";"0";"1";"0";"0";"1";"0";"0";"0";"0";"0";"0";"0";"4";"0";"8";"0";"277"
"220887 RIBEIRA DO PIAUI";"24";"18";"11";"12";"9";"5";"3";"1";"406";"235";"7";"1";"80";"0";"0";"0";"0";"5";"7";"5";"2";"0";"0";"0";"0";"0";"0";"0";"0";"0";"0";"0";"2";"0";"0";"0";"0";"0";"0";"0";"0";"0";"0";"0";"0";"1";"2";"11";"0";"15";"0";"0";"0";"9";"8";"0";"18";"8";"0";"8";"3";"1";"0";"0";"4";"0";"1";"0";"0";"42";"31";"1";"996"
"220890 RIBEIRO GONCALVES";"43";"60";"1";"48";"5";"1";"0";"0";"634";"497";"10";"0";"181";"0";"0";"0";"0";"19";"8";"57";"54";"27";"9";"1";"0";"0";"0";"1";"0";"0";"1";"0";"4";"0";"0";"40";"0";"0";"0";"0";"22";"1";"0";"37";"0";"34";"110";"108";"53";"78";"0";"0";"0";"58";"28";"0";"18";"13";"0";"10";"13";"0";"1";"0";"20";"0";"0";"0";"0";"186";"132";"0";"2623"
"220900 RIO GRANDE DO PIAUI";"25";"43";"6";"32";"9";"5";"4";"0";"583";"462";"22";"5";"194";"0";"0";"0";"0";"36";"12";"54";"40";"10";"5";"5";"0";"0";"0";"0";"0";"0";"3";"0";"21";"0";"0";"13";"0";"0";"0";"0";"11";"0";"0";"16";"0";"38";"10";"5";"57";"36";"0";"0";"0";"39";"2";"0";"1";"0";"0";"0";"1";"0";"0";"0";"8";"0";"0";"0";"2";"124";"52";"0";"1991"
"220910 SANTA CRUZ DO PIAUI";"0";"73";"0";"66";"6";"5";"0";"0";"871";"664";"14";"1";"363";"0";"0";"0";"0";"37";"40";"143";"102";"63";"19";"2";"0";"0";"0";"0";"0";"1";"2";"2";"56";"0";"0";"28";"0";"0";"0";"0";"54";"0";"0";"29";"0";"62";"8";"73";"52";"115";"0";"0";"0";"123";"175";"2";"227";"171";"0";"142";"24";"0";"2";"0";"43";"0";"0";"0";"0";"272";"290";"3";"4425"
"220915 SANTA CRUZ DOS MILAGRES";"2";"34";"3";"36";"4";"3";"3";"1";"463";"279";"5";"1";"138";"0";"0";"0";"0";"34";"24";"92";"68";"12";"5";"4";"0";"0";"0";"0";"0";"0";"0";"3";"0";"1";"0";"4";"0";"0";"0";"0";"6";"0";"0";"7";"0";"4";"2";"1";"3";"6";"1";"0";"0";"9";"1";"19";"1";"1";"0";"1";"5";"0";"0";"0";"7";"2";"0";"0";"6";"68";"44";"12";"1425"
"220920 SANTA FILOMENA";"69";"71";"11";"51";"26";"5";"3";"1";"1041";"532";"41";"10";"255";"0";"0";"0";"0";"34";"25";"58";"58";"11";"12";"5";"0";"0";"0";"0";"0";"0";"2";"2";"43";"1";"0";"13";"1";"0";"0";"0";"9";"0";"0";"12";"0";"23";"38";"40";"34";"68";"0";"0";"0";"87";"17";"1";"10";"6";"0";"5";"6";"0";"0";"0";"23";"0";"0";"0";"20";"176";"183";"0";"3139"
"220930 SANTA LUZ";"13";"50";"10";"37";"17";"3";"1";"0";"734";"679";"12";"1";"218";"1";"0";"0";"0";"46";"14";"106";"52";"23";"9";"1";"0";"0";"0";"0";"1";"1";"2";"0";"4";"0";"0";"17";"0";"0";"0";"0";"1";"0";"0";"15";"1";"44";"8";"3";"31";"87";"2";"0";"0";"117";"81";"3";"77";"96";"0";"32";"3";"0";"5";"1";"18";"0";"0";"0";"0";"104";"46";"2";"2829"
"220935 SANTANA DO PIAUI";"4";"22";"4";"19";"5";"1";"0";"0";"316";"355";"6";"2";"118";"0";"0";"0";"0";"44";"31";"124";"67";"19";"13";"5";"0";"0";"0";"0";"0";"1";"2";"2";"35";"0";"0";"4";"0";"0";"0";"0";"17";"0";"0";"4";"0";"16";"10";"61";"9";"33";"0";"0";"0";"35";"10";"11";"9";"11";"0";"7";"6";"0";"1";"0";"15";"0";"0";"0";"2";"104";"183";"1";"1744"
"220937 SANTA ROSA DO PIAUI";"2";"63";"3";"52";"14";"1";"1";"1";"739";"364";"35";"2";"124";"3";"0";"0";"0";"15";"15";"45";"19";"15";"21";"1";"0";"0";"0";"0";"0";"1";"5";"1";"17";"0";"0";"4";"0";"0";"4";"0";"1";"0";"0";"18";"1";"11";"18";"13";"31";"11";"20";"0";"0";"29";"4";"7";"7";"1";"0";"0";"9";"0";"19";"0";"19";"0";"0";"0";"0";"66";"105";"0";"1957"
"220940 SANTO ANTONIO DE LISBOA";"10";"64";"5";"43";"17";"4";"3";"1";"828";"760";"14";"2";"276";"0";"1";"0";"0";"44";"14";"140";"84";"41";"8";"5";"0";"0";"0";"0";"0";"7";"4";"3";"16";"0";"0";"25";"0";"0";"0";"0";"1";"0";"0";"23";"0";"36";"20";"14";"43";"60";"1";"0";"0";"76";"22";"3";"7";"8";"0";"12";"8";"0";"6";"0";"24";"0";"0";"0";"0";"234";"130";"0";"3147"
"220945 SANTO ANTONIO DOS MILAGRES";"1";"10";"3";"8";"3";"2";"0";"0";"170";"129";"19";"7";"77";"0";"0";"0";"0";"11";"9";"15";"10";"9";"4";"0";"0";"0";"0";"0";"0";"0";"7";"0";"14";"0";"0";"0";"0";"1";"0";"1";"0";"0";"0";"0";"1";"0";"6";"3";"0";"2";"1";"0";"0";"8";"0";"2";"0";"0";"0";"0";"0";"0";"0";"0";"0";"0";"0";"0";"0";"6";"12";"0";"551"
"220950 SANTO INACIO DO PIAUI";"17";"29";"2";"24";"1";"0";"0";"0";"337";"214";"4";"0";"27";"0";"0";"0";"0";"7";"2";"16";"1";"0";"0";"1";"0";"0";"0";"0";"0";"0";"0";"0";"0";"0";"0";"0";"0";"0";"0";"0";"0";"0";"0";"0";"0";"0";"8";"0";"2";"1";"0";"0";"0";"3";"0";"0";"0";"0";"0";"0";"0";"0";"0";"0";"5";"0";"0";"0";"0";"64";"18";"0";"783"
"220955 SAO BRAZ DO PIAUI";"3";"37";"5";"35";"8";"1";"0";"0";"449";"354";"20";"11";"229";"2";"0";"0";"0";"27";"14";"40";"27";"6";"6";"1";"1";"0";"0";"0";"0";"5";"8";"7";"28";"0";"0";"17";"0";"0";"0";"0";"5";"0";"0";"13";"0";"13";"2";"12";"25";"16";"0";"0";"0";"29";"3";"13";"7";"3";"0";"6";"19";"2";"4";"1";"21";"3";"3";"0";"4";"78";"71";"13";"1707"
"220960 SAO FELIX DO PIAUI";"4";"29";"0";"36";"5";"1";"0";"0";"383";"234";"6";"0";"135";"0";"0";"0";"0";"19";"2";"81";"44";"6";"2";"0";"0";"0";"0";"0";"0";"11";"0";"0";"59";"0";"0";"1";"0";"0";"0";"0";"10";"0";"0";"0";"0";"0";"4";"5";"1";"15";"0";"0";"0";"15";"25";"20";"24";"13";"0";"17";"37";"5";"8";"2";"27";"5";"5";"0";"0";"54";"52";"0";"1402"
"220965 SAO FRANCISCO DE ASSIS DO PIAUI";"55";"65";"9";"57";"23";"3";"2";"0";"989";"669";"37";"4";"292";"0";"0";"0";"0";"65";"23";"154";"107";"22";"4";"0";"0";"0";"0";"0";"0";"0";"0";"2";"121";"0";"0";"13";"0";"0";"0";"0";"142";"1";"0";"11";"0";"41";"28";"124";"55";"117";"7";"0";"0";"99";"56";"18";"72";"66";"0";"51";"98";"0";"21";"0";"144";"0";"0";"0";"0";"216";"418";"2";"4503"
"220970 SAO FRANCISCO DO PIAUI";"0";"33";"4";"46";"4";"1";"1";"0";"623";"465";"19";"0";"201";"1";"0";"0";"0";"31";"18";"87";"51";"37";"13";"4";"0";"0";"0";"0";"0";"1";"7";"4";"43";"0";"0";"10";"0";"0";"0";"0";"142";"0";"0";"11";"0";"40";"16";"34";"36";"63";"2";"0";"0";"67";"8";"4";"2";"4";"0";"2";"8";"0";"6";"0";"35";"0";"0";"0";"0";"150";"142";"10";"2486"
"220975 SAO GONCALO DO GURGUEIA";"2";"33";"3";"27";"10";"7";"3";"1";"443";"249";"20";"8";"113";"0";"0";"0";"0";"15";"21";"64";"52";"8";"5";"4";"1";"0";"0";"0";"0";"0";"4";"0";"62";"1";"0";"37";"0";"2";"0";"0";"9";"0";"0";"33";"0";"31";"180";"172";"37";"128";"0";"0";"0";"116";"5";"19";"2";"0";"0";"1";"5";"0";"4";"0";"7";"0";"0";"0";"0";"114";"509";"0";"2567"
"220980 SAO GONCALO DO PIAUI";"4";"48";"5";"51";"26";"4";"0";"3";"848";"550";"19";"8";"190";"0";"0";"0";"0";"19";"18";"109";"58";"37";"15";"7";"0";"0";"1";"0";"0";"0";"5";"4";"15";"0";"0";"7";"0";"0";"0";"0";"65";"2";"0";"8";"2";"12";"52";"41";"13";"62";"5";"0";"0";"47";"14";"3";"4";"10";"0";"3";"7";"0";"1";"0";"28";"0";"0";"0";"0";"98";"131";"0";"2659"
"220985 SAO JOAO DA CANABRAVA";"3";"21";"2";"18";"6";"0";"0";"0";"374";"312";"0";"0";"105";"0";"0";"1";"0";"20";"11";"61";"51";"8";"4";"3";"0";"0";"0";"0";"0";"0";"0";"0";"91";"0";"0";"4";"0";"0";"0";"0";"33";"2";"0";"2";"0";"2";"14";"26";"13";"13";"0";"0";"0";"7";"3";"8";"3";"4";"0";"2";"5";"0";"1";"0";"8";"0";"0";"0";"2";"50";"100";"0";"1393"
"220987 SAO JOAO DA FRONTEIRA";"25";"21";"4";"14";"7";"4";"0";"1";"491";"314";"29";"12";"116";"1";"0";"0";"0";"16";"12";"34";"22";"26";"17";"2";"2";"0";"0";"0";"0";"14";"13";"3";"7";"0";"0";"3";"0";"0";"0";"0";"0";"1";"0";"2";"0";"8";"2";"1";"7";"16";"0";"0";"0";"28";"10";"5";"6";"11";"0";"12";"14";"4";"4";"2";"6";"2";"4";"0";"2";"22";"56";"2";"1437"
"220990 SAO JOAO DA SERRA";"9";"69";"14";"41";"28";"5";"0";"0";"872";"748";"30";"2";"249";"1";"0";"0";"0";"45";"12";"122";"63";"21";"18";"2";"0";"0";"0";"0";"0";"0";"2";"3";"55";"0";"0";"10";"0";"0";"0";"0";"76";"0";"0";"1";"0";"16";"16";"13";"27";"72";"1";"0";"0";"126";"29";"3";"11";"10";"0";"5";"7";"0";"11";"0";"74";"0";"0";"0";"8";"138";"223";"0";"3288"
"220995 SAO JOAO DA VARJOTA";"1";"51";"5";"32";"10";"4";"2";"0";"606";"460";"6";"0";"178";"0";"0";"0";"0";"58";"54";"155";"150";"34";"24";"0";"0";"0";"0";"0";"0";"0";"0";"1";"58";"0";"0";"13";"0";"0";"0";"0";"66";"0";"0";"15";"0";"21";"88";"145";"42";"69";"2";"0";"0";"134";"5";"10";"4";"2";"0";"1";"12";"0";"6";"0";"48";"0";"0";"0";"2";"156";"402";"1";"3133"
"220997 SAO JOAO DO ARRAIAL";"30";"114";"8";"71";"33";"18";"6";"0";"1489";"907";"61";"13";"491";"0";"0";"0";"0";"102";"25";"211";"60";"38";"16";"4";"0";"0";"0";"1";"0";"126";"10";"35";"114";"0";"0";"6";"0";"0";"0";"0";"9";"0";"0";"2";"0";"8";"8";"32";"18";"42";"0";"0";"0";"80";"56";"31";"65";"38";"0";"21";"64";"34";"2";"25";"35";"29";"21";"0";"4";"208";"218";"25";"5064"
"221000 SAO JOAO DO PIAUI";"345";"242";"43";"183";"56";"41";"16";"1";"4282";"2877";"225";"77";"1304";"0";"0";"0";"0";"223";"132";"625";"420";"212";"112";"18";"0";"0";"0";"0";"0";"0";"13";"6";"54";"0";"0";"49";"0";"3";"0";"0";"23";"6";"0";"43";"2";"128";"388";"593";"202";"464";"11";"0";"0";"474";"87";"89";"75";"66";"0";"45";"77";"0";"36";"0";"164";"1";"0";"0";"6";"682";"1465";"0";"16686"
"221005 SAO JOSE DO DIVINO";"0";"55";"3";"55";"4";"1";"0";"0";"670";"498";"8";"0";"287";"1";"0";"0";"0";"49";"16";"48";"83";"15";"5";"0";"2";"1";"0";"0";"0";"9";"4";"1";"32";"0";"0";"3";"0";"0";"2";"0";"2";"0";"0";"0";"0";"3";"18";"37";"9";"71";"4";"0";"2";"121";"74";"21";"51";"59";"0";"66";"40";"3";"14";"2";"52";"1";"1";"0";"0";"104";"267";"1";"2875"
"221010 SAO JOSE DO PEIXE";"3";"9";"3";"13";"9";"2";"0";"2";"264";"268";"8";"2";"71";"0";"0";"0";"0";"42";"12";"61";"60";"18";"4";"5";"0";"0";"0";"0";"0";"1";"0";"0";"1";"0";"0";"2";"0";"0";"0";"0";"0";"0";"0";"3";"0";"15";"6";"26";"12";"28";"0";"0";"0";"31";"10";"4";"13";"10";"0";"6";"9";"0";"1";"0";"20";"0";"0";"0";"6";"66";"125";"0";"1251"
"221020 SAO JOSE DO PIAUI";"11";"59";"11";"53";"5";"3";"0";"1";"738";"552";"21";"12";"278";"1";"0";"0";"0";"36";"11";"76";"23";"5";"5";"3";"1";"1";"0";"0";"0";"2";"3";"1";"41";"0";"0";"13";"0";"0";"0";"0";"3";"4";"0";"15";"0";"16";"32";"29";"23";"68";"0";"0";"0";"79";"13";"33";"8";"5";"0";"6";"36";"0";"20";"0";"66";"0";"0";"0";"4";"134";"238";"10";"2808"
"221030 SAO JULIAO";"7";"45";"7";"40";"13";"6";"1";"0";"620";"356";"16";"8";"175";"0";"0";"0";"0";"35";"8";"110";"55";"9";"3";"1";"0";"0";"0";"0";"0";"0";"1";"0";"48";"0";"0";"3";"0";"0";"0";"0";"2";"0";"0";"1";"0";"5";"4";"18";"4";"13";"3";"0";"0";"22";"8";"6";"2";"1";"0";"0";"3";"0";"1";"0";"35";"0";"0";"0";"4";"82";"150";"0";"1931"
"221035 SAO LOURENCO DO PIAUI";"4";"29";"7";"21";"10";"0";"0";"0";"426";"274";"2";"0";"199";"0";"0";"0";"0";"33";"11";"59";"36";"18";"7";"1";"0";"0";"0";"0";"0";"0";"0";"0";"0";"0";"0";"8";"0";"0";"0";"0";"0";"0";"0";"4";"0";"20";"8";"4";"23";"71";"0";"0";"0";"72";"66";"4";"91";"74";"0";"34";"2";"6";"2";"5";"22";"8";"4";"0";"0";"4";"102";"0";"1771"
"221037 SAO LUIS DO PIAUI";"5";"23";"1";"22";"8";"2";"2";"0";"333";"119";"0";"0";"64";"0";"0";"0";"0";"17";"5";"41";"48";"7";"4";"0";"0";"0";"0";"0";"0";"1";"0";"0";"21";"0";"0";"3";"0";"0";"0";"0";"5";"0";"0";"0";"0";"6";"4";"3";"2";"21";"0";"0";"0";"22";"24";"6";"35";"37";"0";"23";"5";"0";"1";"0";"5";"0";"0";"0";"2";"74";"45";"2";"1048"
"221038 SAO MIGUEL DA BAIXA GRANDE";"9";"21";"2";"19";"5";"0";"0";"0";"294";"264";"5";"0";"107";"0";"0";"0";"0";"24";"7";"63";"22";"4";"2";"0";"0";"0";"0";"0";"0";"0";"0";"0";"1";"0";"0";"10";"0";"0";"1";"0";"0";"0";"0";"12";"0";"33";"12";"4";"23";"26";"0";"0";"0";"46";"6";"0";"5";"4";"0";"3";"0";"0";"0";"0";"9";"0";"0";"0";"0";"68";"63";"0";"1174"
"221039 SAO MIGUEL DO FIDALGO";"11";"36";"5";"32";"9";"4";"0";"0";"495";"428";"7";"1";"119";"0";"0";"0";"0";"23";"8";"72";"48";"20";"12";"0";"0";"0";"0";"0";"0";"0";"2";"2";"42";"0";"0";"9";"0";"0";"0";"0";"0";"0";"0";"6";"0";"31";"24";"50";"23";"79";"3";"0";"0";"76";"38";"12";"31";"34";"0";"21";"28";"0";"9";"0";"63";"0";"0";"0";"0";"114";"198";"0";"2225"
"221040 SAO MIGUEL DO TAPUIO";"112";"170";"34";"121";"47";"20";"7";"4";"2460";"1666";"51";"16";"852";"2";"0";"0";"0";"139";"76";"338";"172";"49";"25";"11";"0";"0";"0";"1";"0";"6";"2";"2";"69";"0";"0";"2";"0";"4";"1";"0";"164";"0";"0";"3";"0";"9";"12";"71";"15";"101";"0";"0";"0";"162";"27";"7";"6";"8";"0";"3";"13";"3";"18";"3";"121";"1";"0";"0";"4";"268";"273";"3";"7754"
"221050 SAO PEDRO DO PIAUI";"66";"167";"21";"124";"49";"16";"14";"0";"2218";"1484";"89";"13";"590";"2";"0";"0";"0";"75";"50";"190";"110";"71";"29";"1";"0";"0";"0";"0";"0";"5";"5";"2";"71";"0";"0";"9";"0";"0";"0";"0";"14";"1";"0";"18";"0";"15";"52";"47";"14";"131";"0";"1";"1";"147";"75";"14";"52";"62";"0";"31";"15";"0";"12";"1";"108";"0";"0";"0";"8";"372";"346";"1";"7009"
"221060 SAO RAIMUNDO NONATO";"1370";"305";"70";"224";"114";"74";"27";"1";"6617";"3923";"108";"48";"1508";"0";"0";"0";"0";"213";"121";"550";"312";"149";"79";"6";"0";"0";"0";"0";"0";"10";"9";"4";"193";"0";"0";"17";"0";"0";"0";"0";"236";"0";"0";"25";"1";"57";"32";"74";"71";"177";"13";"1";"0";"254";"76";"26";"57";"53";"0";"20";"21";"0";"15";"0";"103";"0";"0";"0";"14";"802";"651";"4";"18835"
"221062 SEBASTIAO BARROS";"9";"35";"5";"29";"14";"1";"0";"0";"507";"410";"7";"2";"95";"1";"0";"0";"0";"12";"18";"19";"14";"4";"1";"2";"0";"0";"0";"0";"0";"0";"1";"1";"0";"0";"0";"7";"0";"0";"2";"0";"1";"1";"0";"4";"0";"3";"4";"7";"10";"20";"0";"0";"1";"36";"9";"3";"4";"3";"0";"1";"4";"0";"2";"0";"4";"0";"0";"0";"8";"74";"88";"0";"1483"
"221063 SEBASTIAO LEAL";"6";"39";"7";"31";"12";"5";"0";"0";"599";"444";"7";"1";"218";"0";"0";"0";"0";"25";"21";"43";"46";"11";"4";"0";"0";"0";"0";"0";"0";"9";"1";"0";"15";"0";"0";"1";"0";"0";"0";"0";"0";"0";"0";"3";"0";"2";"20";"3";"6";"18";"0";"0";"0";"20";"12";"9";"8";"6";"0";"7";"12";"0";"1";"2";"7";"0";"0";"0";"0";"124";"65";"6";"1876"
"221065 SIGEFREDO PACHECO";"1";"19";"6";"19";"15";"4";"13";"0";"544";"479";"57";"10";"178";"5";"0";"0";"0";"17";"5";"42";"14";"17";"15";"0";"2";"1";"0";"0";"0";"0";"13";"9";"10";"0";"0";"5";"0";"1";"2";"0";"0";"0";"0";"6";"5";"15";"24";"6";"19";"43";"3";"0";"0";"32";"8";"13";"2";"11";"0";"10";"21";"0";"7";"0";"11";"0";"0";"0";"0";"70";"140";"0";"1949"
"221070 SIMOES";"156";"170";"12";"158";"38";"8";"4";"1";"2352";"1463";"44";"43";"804";"7";"1";"0";"0";"135";"62";"533";"316";"104";"31";"5";"0";"0";"0";"1";"1";"0";"10";"2";"448";"0";"0";"17";"0";"1";"0";"0";"447";"3";"0";"21";"0";"15";"220";"604";"125";"198";"3";"1";"0";"295";"71";"46";"40";"44";"0";"37";"48";"0";"29";"0";"216";"0";"0";"0";"6";"208";"1162";"1";"10767"
"221080 SIMPLICIO MENDES";"101";"159";"23";"95";"38";"20";"6";"2";"2022";"1436";"57";"8";"762";"5";"0";"0";"0";"103";"70";"248";"154";"79";"41";"10";"1";"0";"0";"0";"2";"0";"13";"11";"47";"0";"0";"14";"1";"0";"2";"0";"13";"0";"0";"10";"5";"24";"24";"23";"28";"63";"12";"0";"0";"94";"8";"23";"8";"4";"0";"5";"13";"0";"17";"0";"49";"0";"0";"0";"0";"192";"368";"1";"6514"
"221090 SOCORRO DO PIAUI";"13";"32";"4";"34";"12";"2";"0";"0";"502";"351";"19";"4";"310";"0";"0";"0";"0";"58";"20";"99";"89";"19";"17";"0";"0";"0";"0";"0";"0";"0";"5";"3";"2";"0";"0";"19";"0";"0";"0";"0";"10";"3";"0";"21";"0";"31";"44";"63";"41";"114";"4";"0";"0";"145";"46";"14";"48";"44";"0";"37";"20";"0";"2";"0";"18";"0";"0";"0";"2";"60";"326";"0";"2707"
"221093 SUSSUAPARA";"2";"75";"11";"51";"17";"6";"0";"0";"942";"756";"9";"2";"317";"0";"0";"0";"0";"49";"15";"140";"90";"19";"4";"0";"1";"0";"0";"0";"0";"0";"0";"1";"3";"0";"0";"1";"0";"0";"0";"0";"0";"0";"0";"3";"0";"3";"2";"11";"1";"20";"1";"0";"0";"49";"11";"1";"17";"22";"0";"14";"3";"0";"4";"0";"26";"0";"0";"0";"0";"204";"143";"0";"3046"
"221095 TAMBORIL DO PIAUI";"0";"28";"0";"40";"2";"0";"0";"0";"391";"330";"2";"0";"110";"0";"0";"0";"0";"7";"3";"32";"22";"4";"2";"0";"0";"0";"0";"0";"0";"7";"0";"0";"7";"0";"0";"1";"0";"0";"0";"0";"1";"0";"0";"1";"0";"7";"0";"10";"7";"35";"0";"0";"0";"22";"15";"2";"24";"15";"0";"14";"7";"3";"0";"0";"0";"0";"0";"0";"0";"92";"37";"0";"1280"
"221097 TANQUE DO PIAUI";"3";"32";"1";"23";"8";"1";"1";"0";"379";"378";"7";"0";"196";"0";"0";"0";"0";"19";"10";"44";"19";"4";"4";"0";"0";"0";"0";"0";"0";"34";"0";"0";"17";"0";"0";"0";"0";"0";"0";"0";"0";"0";"0";"0";"0";"1";"2";"7";"1";"51";"0";"0";"0";"62";"63";"11";"82";"60";"0";"52";"34";"11";"0";"11";"10";"4";"3";"0";"0";"68";"100";"2";"1815"
"221100 TERESINA";"17023";"7931";"707";"6500";"1820";"646";"278";"21";"121241";"79632";"4646";"1354";"32227";"18";"0";"0";"0";"4064";"2394";"10618";"6595";"2393";"1210";"285";"15";"20";"16";"9";"0";"181";"252";"149";"4517";"29";"0";"1054";"0";"4";"32";"0";"2444";"32";"0";"810";"47";"1183";"3606";"11535";"1985";"7982";"804";"221";"378";"9138";"4243";"910";"4370";"3689";"2";"2645";"5200";"73";"834";"50";"7559";"56";"48";"0";"140";"22654";"27446";"75";"428040"
"221110 UNIAO";"158";"418";"84";"318";"153";"65";"35";"2";"5491";"4071";"462";"90";"798";"26";"3";"0";"0";"225";"149";"495";"535";"145";"73";"15";"1";"6";"1";"2";"0";"369";"342";"61";"153";"0";"0";"1061";"0";"7";"0";"0";"24";"1";"0";"387";"1";"325";"160";"57";"326";"373";"4";"15";"9";"358";"268";"439";"234";"202";"0";"265";"534";"377";"38";"320";"58";"311";"193";"0";"6";"1330";"848";"274";"23551"
"221120 URUCUI";"387";"370";"22";"287";"85";"26";"10";"0";"4746";"3083";"209";"33";"1562";"2";"0";"0";"0";"210";"89";"444";"273";"102";"44";"9";"1";"1";"2";"0";"1";"2";"14";"3";"59";"0";"0";"28";"0";"0";"1";"0";"9";"0";"0";"19";"1";"38";"74";"159";"53";"170";"3";"1";"1";"178";"49";"14";"37";"26";"0";"15";"20";"3";"3";"1";"153";"1";"0";"0";"14";"996";"785";"2";"14930"
"221130 VALENCA DO PIAUI";"610";"285";"9";"185";"40";"9";"1";"3";"3688";"2484";"53";"17";"1181";"2";"0";"0";"0";"153";"97";"416";"300";"53";"49";"12";"1";"0";"0";"0";"1";"29";"13";"8";"231";"2";"0";"22";"0";"0";"0";"0";"37";"1";"0";"19";"1";"46";"54";"43";"36";"115";"2";"2";"1";"139";"53";"51";"59";"46";"0";"48";"110";"6";"23";"4";"139";"5";"2";"0";"8";"528";"545";"26";"12103"
"221135 VARZEA BRANCA";"3";"69";"9";"60";"20";"12";"4";"0";"741";"436";"38";"5";"117";"2";"0";"0";"0";"32";"23";"41";"21";"1";"0";"0";"0";"1";"0";"0";"0";"130";"14";"44";"39";"0";"0";"2";"0";"0";"0";"0";"3";"0";"0";"0";"4";"1";"2";"1";"3";"61";"6";"0";"0";"56";"59";"57";"47";"23";"0";"16";"98";"84";"5";"69";"3";"34";"29";"0";"0";"120";"79";"40";"2764"
"221140 VARZEA GRANDE";"4";"30";"2";"36";"9";"1";"0";"0";"603";"528";"5";"4";"137";"1";"0";"0";"0";"36";"12";"62";"50";"22";"1";"2";"0";"0";"0";"0";"0";"0";"3";"0";"19";"0";"0";"2";"0";"2";"1";"0";"16";"1";"0";"5";"0";"3";"14";"15";"15";"15";"0";"0";"1";"13";"4";"11";"5";"4";"0";"2";"5";"0";"4";"0";"15";"0";"0";"0";"2";"70";"70";"1";"1863"
"221150 VERA MENDES";"3";"29";"7";"26";"8";"1";"0";"1";"444";"275";"6";"2";"99";"0";"0";"0";"0";"10";"5";"33";"11";"4";"3";"1";"0";"0";"0";"0";"0";"69";"3";"9";"33";"0";"0";"16";"0";"2";"2";"1";"1";"0";"0";"11";"0";"24";"10";"4";"20";"129";"4";"2";"2";"121";"89";"71";"100";"100";"0";"58";"121";"21";"7";"51";"6";"23";"18";"0";"0";"58";"82";"30";"2266"
"221160 VILA NOVA DO PIAUI";"8";"30";"0";"21";"4";"0";"0";"0";"328";"316";"0";"1";"205";"0";"0";"0";"0";"34";"7";"73";"52";"17";"5";"0";"0";"0";"0";"0";"0";"0";"0";"0";"17";"0";"0";"1";"0";"0";"0";"0";"1";"0";"0";"2";"0";"5";"10";"111";"10";"14";"0";"0";"0";"23";"2";"16";"2";"5";"0";"3";"11";"0";"5";"0";"59";"0";"0";"2";"0";"38";"223";"0";"1661"
"221170 WALL FERRAZ";"10";"31";"4";"26";"7";"1";"0";"0";"438";"249";"8";"2";"94";"0";"0";"0";"0";"33";"18";"51";"35";"16";"6";"0";"0";"0";"0";"0";"0";"0";"0";"0";"17";"0";"0";"5";"0";"0";"0";"0";"1";"0";"0";"1";"0";"2";"2";"68";"4";"13";"3";"0";"0";"36";"16";"5";"12";"11";"0";"6";"5";"0";"3";"0";"15";"0";"0";"0";"0";"62";"116";"2";"1434"
"Total";"37405";"30477";"4065";"25210";"7882";"2910";"1147";"213";"453012";"307971";"16020";"4956";"129021";"354";"41";"2";"1";"20025";"10794";"49802";"31981";"10450";"5028";"1109";"77";"66";"47";"38";"51";"3175";"2048";"1511";"22060";"112";"10";"6368";"11";"123";"137";"2";"11877";"358";"1";"4994";"161";"7178";"12668";"29933";"9213";"27700";"1589";"330";"520";"32814";"13769";"7310";"13563";"11371";"18";"8542";"14180";"1733";"3588";"1460";"21424";"1155";"868";"6";"884";"76492";"97597";"2241";"1601249"
